date,energy
2018-07-24 00:00:00,0.0
2018-07-24 01:00:00,0.0
2018-07-24 02:00:00,0.0
2018-07-24 03:00:00,0.0
2018-07-24 04:00:00,0.0
2018-07-24 05:00:00,0.0
2018-07-24 06:00:00,0.0
2018-07-24 07:00:00,0.0
2018-07-24 08:00:00,0.0
2018-07-24 09:00:00,0.0
2018-07-24 10:00:00,0.0
2018-07-24 11:00:00,0.0
2018-07-24 12:00:00,0.0
2018-07-24 13:00:00,0.0
2018-07-24 14:00:00,0.0
2018-07-24 15:00:00,0.0
2018-07-24 16:00:00,0.0
2018-07-24 17:00:00,0.0
2018-07-24 18:00:00,0.0
2018-07-24 19:00:00,0.0
2018-07-24 20:00:00,0.0
2018-07-24 21:00:00,0.0
2018-07-24 22:00:00,0.0
2018-07-24 23:00:00,0.0
2018-07-25 00:00:00,0.0
2018-07-25 01:00:00,0.0
2018-07-25 02:00:00,0.0
2018-07-25 03:00:00,0.0
2018-07-25 04:00:00,0.0
2018-07-25 05:00:00,0.0
2018-07-25 06:00:00,0.0
2018-07-25 07:00:00,0.0
2018-07-25 08:00:00,0.0
2018-07-25 09:00:00,0.0
2018-07-25 10:00:00,0.0
2018-07-25 11:00:00,0.0
2018-07-25 12:00:00,0.0
2018-07-25 13:00:00,0.0
2018-07-25 14:00:00,0.0
2018-07-25 15:00:00,0.0
2018-07-25 16:00:00,0.0
2018-07-25 17:00:00,0.0
2018-07-25 18:00:00,0.0
2018-07-25 19:00:00,0.0
2018-07-25 20:00:00,0.0
2018-07-25 21:00:00,0.0
2018-07-25 22:00:00,0.0
2018-07-25 23:00:00,0.0
2018-07-26 00:00:00,0.0
2018-07-26 01:00:00,0.0
2018-07-26 02:00:00,0.0
2018-07-26 03:00:00,0.0
2018-07-26 04:00:00,0.0
2018-07-26 05:00:00,0.0
2018-07-26 06:00:00,0.0
2018-07-26 07:00:00,0.0
2018-07-26 08:00:00,0.0
2018-07-26 09:00:00,0.0
2018-07-26 10:00:00,0.0
2018-07-26 11:00:00,0.0
2018-07-26 12:00:00,0.0
2018-07-26 13:00:00,0.0
2018-07-26 14:00:00,0.0
2018-07-26 15:00:00,0.0
2018-07-26 16:00:00,0.0
2018-07-26 17:00:00,0.0
2018-07-26 18:00:00,0.0
2018-07-26 19:00:00,0.0
2018-07-26 20:00:00,0.0
2018-07-26 21:00:00,0.0
2018-07-26 22:00:00,0.0
2018-07-26 23:00:00,0.0
2018-07-27 00:00:00,0.0
2018-07-27 01:00:00,0.0
2018-07-27 02:00:00,0.0
2018-07-27 03:00:00,0.0
2018-07-27 04:00:00,0.0
2018-07-27 05:00:00,0.0
2018-07-27 06:00:00,0.0
2018-07-27 07:00:00,0.0
2018-07-27 08:00:00,0.0
2018-07-27 09:00:00,0.0
2018-07-27 10:00:00,0.0
2018-07-27 11:00:00,0.0
2018-07-27 12:00:00,0.0
2018-07-27 13:00:00,0.0
2018-07-27 14:00:00,0.0
2018-07-27 15:00:00,0.0
2018-07-27 16:00:00,0.0
2018-07-27 17:00:00,0.0
2018-07-27 18:00:00,0.0
2018-07-27 19:00:00,0.0
2018-07-27 20:00:00,0.0
2018-07-27 21:00:00,0.0
2018-07-27 22:00:00,0.0
2018-07-27 23:00:00,0.0
2018-07-28 00:00:00,0.0
2018-07-28 01:00:00,0.0
2018-07-28 02:00:00,0.0
2018-07-28 03:00:00,0.0
2018-07-28 04:00:00,0.0
2018-07-28 05:00:00,0.0
2018-07-28 06:00:00,0.0
2018-07-28 07:00:00,0.0
2018-07-28 08:00:00,0.0
2018-07-28 09:00:00,0.0
2018-07-28 10:00:00,0.0
2018-07-28 11:00:00,0.0
2018-07-28 12:00:00,0.0
2018-07-28 13:00:00,0.0
2018-07-28 14:00:00,0.0
2018-07-28 15:00:00,0.0
2018-07-28 16:00:00,0.0
2018-07-28 17:00:00,0.0
2018-07-28 18:00:00,0.0
2018-07-28 19:00:00,0.0
2018-07-28 20:00:00,0.0
2018-07-28 21:00:00,0.0
2018-07-28 22:00:00,0.0
2018-07-28 23:00:00,0.0
2018-07-29 00:00:00,0.0
2018-07-29 01:00:00,0.0
2018-07-29 02:00:00,0.0
2018-07-29 03:00:00,0.0
2018-07-29 04:00:00,0.0
2018-07-29 05:00:00,0.0
2018-07-29 06:00:00,0.0
2018-07-29 07:00:00,0.0
2018-07-29 08:00:00,0.0
2018-07-29 09:00:00,0.0
2018-07-29 10:00:00,0.0
2018-07-29 11:00:00,0.0
2018-07-29 12:00:00,0.0
2018-07-29 13:00:00,0.0
2018-07-29 14:00:00,0.0
2018-07-29 15:00:00,0.0
2018-07-29 16:00:00,0.0
2018-07-29 17:00:00,0.0
2018-07-29 18:00:00,0.0
2018-07-29 19:00:00,0.0
2018-07-29 20:00:00,0.0
2018-07-29 21:00:00,0.0
2018-07-29 22:00:00,0.0
2018-07-29 23:00:00,0.0
2018-07-30 00:00:00,0.0
2018-07-30 01:00:00,0.0
2018-07-30 02:00:00,0.0
2018-07-30 03:00:00,0.0
2018-07-30 04:00:00,0.0
2018-07-30 05:00:00,0.0
2018-07-30 06:00:00,0.0
2018-07-30 07:00:00,0.0
2018-07-30 08:00:00,0.0
2018-07-30 09:00:00,0.0
2018-07-30 10:00:00,0.0
2018-07-30 11:00:00,0.0
2018-07-30 12:00:00,0.0
2018-07-30 13:00:00,0.0
2018-07-30 14:00:00,0.0
2018-07-30 15:00:00,0.0
2018-07-30 16:00:00,0.0
2018-07-30 17:00:00,0.0
2018-07-30 18:00:00,0.0
2018-07-30 19:00:00,0.0
2018-07-30 20:00:00,0.0
2018-07-30 21:00:00,0.0
2018-07-30 22:00:00,0.0
2018-07-30 23:00:00,0.0
2018-07-31 00:00:00,0.0
2018-07-31 01:00:00,0.0
2018-07-31 02:00:00,0.0
2018-07-31 03:00:00,0.0
2018-07-31 04:00:00,0.0
2018-07-31 05:00:00,0.0
2018-07-31 06:00:00,0.0
2018-07-31 07:00:00,0.0
2018-07-31 08:00:00,0.0
2018-07-31 09:00:00,0.0
2018-07-31 10:00:00,0.0
2018-07-31 11:00:00,0.0
2018-07-31 12:00:00,0.0
2018-07-31 13:00:00,0.0
2018-07-31 14:00:00,0.0
2018-07-31 15:00:00,0.0
2018-07-31 16:00:00,0.0
2018-07-31 17:00:00,0.0
2018-07-31 18:00:00,0.0
2018-07-31 19:00:00,0.0
2018-07-31 20:00:00,0.0
2018-07-31 21:00:00,0.0
2018-07-31 22:00:00,0.0
2018-07-31 23:00:00,0.0
2018-07-24 13:45:00,8466.0
2018-07-24 14:45:00,10950.0
2018-07-24 15:45:00,9238.0
2018-07-24 16:45:00,709.0
2018-07-24 17:45:00,0.0
2018-07-25 01:45:00,0.0
2018-07-25 05:45:00,0.0
2018-07-25 06:45:00,990.0
2018-07-25 07:45:00,5374.0
2018-07-25 08:45:00,83778.0
2018-07-25 09:45:00,275170.0
2018-07-25 10:45:00,315596.0
2018-07-25 11:45:00,398845.0
2018-07-25 12:45:00,366989.0
2018-07-25 13:45:00,306488.0
2018-07-25 14:45:00,183584.0
2018-07-25 15:45:00,55061.0
2018-07-25 16:45:00,568.0
2018-07-25 17:45:00,0.0
2018-07-25 23:45:00,0.0
2018-07-26 03:45:00,0.0
2018-07-26 05:45:00,0.0
2018-07-26 06:45:00,995.0
2018-07-26 07:45:00,4777.0
2018-07-26 08:45:00,9039.0
2018-07-26 09:45:00,20346.0
2018-07-26 10:45:00,10614.0
2018-07-26 11:45:00,1026.0
2018-07-26 12:45:00,56238.0
2018-07-26 13:45:00,38445.0
2018-07-26 14:45:00,28539.0
2018-07-26 15:45:00,45685.0
2018-07-26 16:45:00,16554.0
2018-07-26 17:45:00,0.0
2018-07-26 18:45:00,0.0
2018-07-26 19:45:00,0.0
2018-07-26 21:45:00,0.0
2018-07-27 00:45:00,0.0
2018-07-27 01:45:00,0.0
2018-07-27 04:45:00,0.0
2018-07-27 05:45:00,0.0
2018-07-27 06:45:00,25608.0
2018-07-27 07:45:00,111860.0
2018-07-27 08:45:00,239579.0
2018-07-27 09:45:00,346058.0
2018-07-27 10:45:00,408173.0
2018-07-27 11:45:00,446598.0
2018-07-27 12:45:00,433091.0
2018-07-27 13:45:00,352565.0
2018-07-27 14:45:00,242725.0
2018-07-27 15:45:00,112275.0
2018-07-27 16:45:00,16925.0
2018-07-27 17:45:00,0.0
2018-07-27 19:45:00,0.0
2018-07-27 20:45:00,0.0
2018-07-27 21:45:00,0.0
2018-07-27 23:45:00,0.0
2018-07-28 01:45:00,0.0
2018-07-28 02:45:00,0.0
2018-07-28 04:45:00,0.0
2018-07-28 05:45:00,0.0
2018-07-28 06:45:00,18475.0
2018-07-28 07:45:00,123114.0
2018-07-28 08:45:00,256793.0
2018-07-28 09:45:00,367055.0
2018-07-28 10:45:00,423234.0
2018-07-28 11:45:00,441639.0
2018-07-28 12:45:00,412132.0
2018-07-28 13:45:00,337059.0
2018-07-28 14:45:00,218027.0
2018-07-28 15:45:00,102981.0
2018-07-28 16:45:00,16368.0
2018-07-28 17:45:00,0.0
2018-07-28 18:45:00,0.0
2018-07-28 19:45:00,0.0
2018-07-28 23:45:00,0.0
2018-07-29 04:45:00,0.0
2018-07-29 05:45:00,0.0
2018-07-29 06:45:00,19814.0
2018-07-29 07:45:00,124909.0
2018-07-29 08:45:00,266786.0
2018-07-29 09:45:00,378678.0
2018-07-29 10:45:00,428522.0
2018-07-29 11:45:00,457102.0
2018-07-29 12:45:00,405891.0
2018-07-29 13:45:00,335131.0
2018-07-29 14:45:00,237094.0
2018-07-29 15:45:00,114373.0
2018-07-29 16:45:00,18195.0
2018-07-29 17:45:00,0.0
2018-07-29 19:45:00,0.0
2018-07-30 05:45:00,0.0
2018-07-30 06:45:00,20796.0
2018-07-30 07:45:00,123700.0
2018-07-30 08:45:00,261308.0
2018-07-30 09:45:00,367300.0
2018-07-30 10:45:00,431911.0
2018-07-30 11:45:00,457116.0
2018-07-30 12:45:00,428612.0
2018-07-30 13:45:00,336373.0
2018-07-30 14:45:00,232693.0
2018-07-30 15:45:00,109632.0
2018-07-30 16:45:00,17627.0
2018-07-30 17:45:00,0.0
2018-07-30 19:45:00,0.0
2018-07-31 04:45:00,0.0
2018-07-31 05:45:00,0.0
2018-07-31 06:45:00,22053.0
2018-07-31 07:45:00,126888.0
2018-07-31 08:45:00,263869.0
2018-07-31 09:45:00,375116.0
2018-07-31 10:45:00,446850.0
2018-07-31 11:45:00,466015.0
2018-07-31 12:45:00,438603.0
2018-07-31 13:45:00,352757.0
2018-07-31 14:45:00,234355.0
2018-07-31 15:45:00,108811.0
2018-07-31 16:45:00,18259.0
2018-07-31 17:45:00,0.0
2018-07-31 18:45:00,0.0
2018-07-31 19:45:00,0.0
2018-08-01 00:00:00,0.0
2018-08-01 01:00:00,0.0
2018-08-01 02:00:00,0.0
2018-08-01 03:00:00,0.0
2018-08-01 04:00:00,0.0
2018-08-01 05:00:00,0.0
2018-08-01 06:00:00,238.0
2018-08-01 07:00:00,41035.0
2018-08-01 08:00:00,162689.0
2018-08-01 09:00:00,298282.0
2018-08-01 10:00:00,403710.0
2018-08-01 11:00:00,463215.0
2018-08-01 12:00:00,466061.0
2018-08-01 13:00:00,416733.0
2018-08-01 14:00:00,329234.0
2018-08-01 15:00:00,212446.0
2018-08-01 16:00:00,86213.0
2018-08-01 17:00:00,8293.0
2018-08-01 18:00:00,0.0
2018-08-01 19:00:00,0.0
2018-08-01 20:00:00,0.0
2018-08-01 21:00:00,0.0
2018-08-01 22:00:00,0.0
2018-08-01 23:00:00,0.0
2018-08-02 00:00:00,0.0
2018-08-02 01:00:00,0.0
2018-08-02 02:00:00,0.0
2018-08-02 03:00:00,0.0
2018-08-02 04:00:00,0.0
2018-08-02 05:00:00,0.0
2018-08-02 06:00:00,309.0
2018-08-02 07:00:00,41480.0
2018-08-02 08:00:00,159733.0
2018-08-02 09:00:00,289249.0
2018-08-02 10:00:00,382037.0
2018-08-02 11:00:00,430477.0
2018-08-02 12:00:00,434345.0
2018-08-02 13:00:00,404692.0
2018-08-02 14:00:00,316782.0
2018-08-02 15:00:00,201667.0
2018-08-02 16:00:00,78903.0
2018-08-02 17:00:00,7651.0
2018-08-02 18:00:00,0.0
2018-08-02 19:00:00,0.0
2018-08-02 20:00:00,0.0
2018-08-02 21:00:00,0.0
2018-08-02 22:00:00,0.0
2018-08-02 23:00:00,0.0
2018-08-03 00:00:00,0.0
2018-08-03 01:00:00,0.0
2018-08-03 02:00:00,0.0
2018-08-03 03:00:00,0.0
2018-08-03 04:00:00,0.0
2018-08-03 05:00:00,0.0
2018-08-03 06:00:00,427.0
2018-08-03 07:00:00,33043.0
2018-08-03 08:00:00,112841.0
2018-08-03 09:00:00,251333.0
2018-08-03 10:00:00,392796.0
2018-08-03 11:00:00,1439.0
2018-08-03 12:00:00,0.0
2018-08-03 13:00:00,282968.0
2018-08-03 14:00:00,318623.0
2018-08-03 15:00:00,203101.0
2018-08-03 16:00:00,81328.0
2018-08-03 17:00:00,7636.0
2018-08-03 18:00:00,0.0
2018-08-03 19:00:00,0.0
2018-08-03 20:00:00,0.0
2018-08-03 21:00:00,0.0
2018-08-03 22:00:00,0.0
2018-08-03 23:00:00,0.0
2018-08-04 00:00:00,0.0
2018-08-04 01:00:00,0.0
2018-08-04 02:00:00,0.0
2018-08-04 03:00:00,0.0
2018-08-04 04:00:00,0.0
2018-08-04 05:00:00,0.0
2018-08-04 06:00:00,251.0
2018-08-04 07:00:00,40360.0
2018-08-04 08:00:00,161059.0
2018-08-04 09:00:00,276317.0
2018-08-04 10:00:00,368931.0
2018-08-04 11:00:00,438408.0
2018-08-04 12:00:00,435017.0
2018-08-04 13:00:00,385550.0
2018-08-04 14:00:00,303020.0
2018-08-04 15:00:00,188815.0
2018-08-04 16:00:00,75685.0
2018-08-04 17:00:00,8786.0
2018-08-04 18:00:00,0.0
2018-08-04 19:00:00,0.0
2018-08-04 20:00:00,0.0
2018-08-04 21:00:00,0.0
2018-08-04 22:00:00,0.0
2018-08-04 23:00:00,0.0
2018-08-05 00:00:00,0.0
2018-08-05 01:00:00,0.0
2018-08-05 02:00:00,0.0
2018-08-05 03:00:00,0.0
2018-08-05 04:00:00,0.0
2018-08-05 05:00:00,0.0
2018-08-05 06:00:00,162.0
2018-08-05 07:00:00,36242.0
2018-08-05 08:00:00,138570.0
2018-08-05 09:00:00,253331.0
2018-08-05 10:00:00,353043.0
2018-08-05 11:00:00,411312.0
2018-08-05 12:00:00,424373.0
2018-08-05 13:00:00,393237.0
2018-08-05 14:00:00,303158.0
2018-08-05 15:00:00,187996.0
2018-08-05 16:00:00,75193.0
2018-08-05 17:00:00,7460.0
2018-08-05 18:00:00,0.0
2018-08-05 19:00:00,0.0
2018-08-05 20:00:00,0.0
2018-08-05 21:00:00,0.0
2018-08-05 22:00:00,0.0
2018-08-05 23:00:00,0.0
2018-08-06 00:00:00,0.0
2018-08-06 01:00:00,0.0
2018-08-06 02:00:00,0.0
2018-08-06 03:00:00,0.0
2018-08-06 04:00:00,0.0
2018-08-06 05:00:00,0.0
2018-08-06 06:00:00,389.0
2018-08-06 07:00:00,47489.0
2018-08-06 08:00:00,177181.0
2018-08-06 09:00:00,315523.0
2018-08-06 10:00:00,418535.0
2018-08-06 11:00:00,477337.0
2018-08-06 12:00:00,487905.0
2018-08-06 13:00:00,447925.0
2018-08-06 14:00:00,346126.0
2018-08-06 15:00:00,221967.0
2018-08-06 16:00:00,93274.0
2018-08-06 17:00:00,9925.0
2018-08-06 18:00:00,0.0
2018-08-06 19:00:00,0.0
2018-08-06 20:00:00,0.0
2018-08-06 21:00:00,0.0
2018-08-06 22:00:00,0.0
2018-08-06 23:00:00,0.0
2018-08-07 00:00:00,0.0
2018-08-07 01:00:00,0.0
2018-08-07 02:00:00,0.0
2018-08-07 03:00:00,0.0
2018-08-07 04:00:00,0.0
2018-08-07 05:00:00,0.0
2018-08-07 06:00:00,581.0
2018-08-07 07:00:00,43396.0
2018-08-07 08:00:00,157374.0
2018-08-07 09:00:00,289917.0
2018-08-07 10:00:00,385014.0
2018-08-07 11:00:00,433654.0
2018-08-07 12:00:00,433347.0
2018-08-07 13:00:00,372659.0
2018-08-07 14:00:00,177870.0
2018-08-07 15:00:00,97790.0
2018-08-07 16:00:00,67808.0
2018-08-07 17:00:00,8682.0
2018-08-07 18:00:00,0.0
2018-08-07 19:00:00,0.0
2018-08-07 20:00:00,0.0
2018-08-07 21:00:00,0.0
2018-08-07 22:00:00,0.0
2018-08-07 23:00:00,0.0
2018-08-08 00:00:00,0.0
2018-08-08 01:00:00,0.0
2018-08-08 02:00:00,0.0
2018-08-08 03:00:00,0.0
2018-08-08 04:00:00,0.0
2018-08-08 05:00:00,0.0
2018-08-08 06:00:00,399.0
2018-08-08 07:00:00,47938.0
2018-08-08 08:00:00,137134.0
2018-08-08 09:00:00,201407.0
2018-08-08 10:00:00,286389.0
2018-08-08 11:00:00,373594.0
2018-08-08 12:00:00,374720.0
2018-08-08 13:00:00,372897.0
2018-08-08 14:00:00,306313.0
2018-08-08 15:00:00,186093.0
2018-08-08 16:00:00,68307.0
2018-08-08 17:00:00,6125.0
2018-08-08 18:00:00,0.0
2018-08-08 19:00:00,0.0
2018-08-08 20:00:00,0.0
2018-08-08 21:00:00,0.0
2018-08-08 22:00:00,0.0
2018-08-08 23:00:00,0.0
2018-08-09 00:00:00,0.0
2018-08-09 01:00:00,0.0
2018-08-09 02:00:00,0.0
2018-08-09 03:00:00,0.0
2018-08-09 04:00:00,0.0
2018-08-09 05:00:00,0.0
2018-08-09 06:00:00,0.0
2018-08-09 07:00:00,18858.0
2018-08-09 08:00:00,68087.0
2018-08-09 09:00:00,124993.0
2018-08-09 10:00:00,162792.0
2018-08-09 11:00:00,191021.0
2018-08-09 12:00:00,212983.0
2018-08-09 13:00:00,315781.0
2018-08-09 14:00:00,320266.0
2018-08-09 15:00:00,202458.0
2018-08-09 16:00:00,81079.0
2018-08-09 17:00:00,8063.0
2018-08-09 18:00:00,0.0
2018-08-09 19:00:00,0.0
2018-08-09 20:00:00,0.0
2018-08-09 21:00:00,0.0
2018-08-09 22:00:00,0.0
2018-08-09 23:00:00,0.0
2018-08-10 00:00:00,0.0
2018-08-10 01:00:00,0.0
2018-08-10 02:00:00,0.0
2018-08-10 03:00:00,0.0
2018-08-10 04:00:00,0.0
2018-08-10 05:00:00,0.0
2018-08-10 06:00:00,0.0
2018-08-10 07:00:00,1103.0
2018-08-10 08:00:00,11985.0
2018-08-10 09:00:00,92260.0
2018-08-10 10:00:00,159187.0
2018-08-10 11:00:00,369580.0
2018-08-10 12:00:00,461024.0
2018-08-10 13:00:00,427737.0
2018-08-10 14:00:00,355080.0
2018-08-10 15:00:00,234439.0
2018-08-10 16:00:00,99997.0
2018-08-10 17:00:00,10670.0
2018-08-10 18:00:00,0.0
2018-08-10 19:00:00,0.0
2018-08-10 20:00:00,0.0
2018-08-10 21:00:00,0.0
2018-08-10 22:00:00,0.0
2018-08-10 23:00:00,0.0
2018-08-11 00:00:00,0.0
2018-08-11 01:00:00,0.0
2018-08-11 02:00:00,0.0
2018-08-11 03:00:00,0.0
2018-08-11 04:00:00,0.0
2018-08-11 05:00:00,0.0
2018-08-11 06:00:00,1155.0
2018-08-11 07:00:00,60599.0
2018-08-11 08:00:00,203487.0
2018-08-11 09:00:00,351159.0
2018-08-11 10:00:00,450960.0
2018-08-11 11:00:00,497254.0
2018-08-11 12:00:00,492108.0
2018-08-11 13:00:00,450083.0
2018-08-11 14:00:00,364028.0
2018-08-11 15:00:00,239082.0
2018-08-11 16:00:00,102777.0
2018-08-11 17:00:00,11285.0
2018-08-11 18:00:00,0.0
2018-08-11 19:00:00,0.0
2018-08-11 20:00:00,0.0
2018-08-11 21:00:00,0.0
2018-08-11 22:00:00,0.0
2018-08-11 23:00:00,0.0
2018-08-12 00:00:00,0.0
2018-08-12 01:00:00,0.0
2018-08-12 02:00:00,0.0
2018-08-12 03:00:00,0.0
2018-08-12 04:00:00,0.0
2018-08-12 05:00:00,0.0
2018-08-12 06:00:00,1162.0
2018-08-12 07:00:00,44514.0
2018-08-12 08:00:00,184808.0
2018-08-12 09:00:00,326329.0
2018-08-12 10:00:00,431061.0
2018-08-12 11:00:00,467531.0
2018-08-12 12:00:00,480604.0
2018-08-12 13:00:00,446826.0
2018-08-12 14:00:00,336980.0
2018-08-12 15:00:00,205553.0
2018-08-12 16:00:00,92513.0
2018-08-12 17:00:00,8741.0
2018-08-12 18:00:00,0.0
2018-08-12 19:00:00,0.0
2018-08-12 20:00:00,0.0
2018-08-12 21:00:00,0.0
2018-08-12 22:00:00,0.0
2018-08-12 23:00:00,0.0
2018-08-13 00:00:00,0.0
2018-08-13 01:00:00,0.0
2018-08-13 02:00:00,0.0
2018-08-13 03:00:00,0.0
2018-08-13 04:00:00,0.0
2018-08-13 05:00:00,0.0
2018-08-13 06:00:00,1479.0
2018-08-13 07:00:00,50660.0
2018-08-13 08:00:00,169307.0
2018-08-13 09:00:00,295731.0
2018-08-13 10:00:00,393565.0
2018-08-13 11:00:00,449645.0
2018-08-13 12:00:00,455466.0
2018-08-13 13:00:00,409312.0
2018-08-13 14:00:00,330691.0
2018-08-13 15:00:00,212591.0
2018-08-13 16:00:00,89880.0
2018-08-13 17:00:00,9179.0
2018-08-13 18:00:00,0.0
2018-08-13 19:00:00,0.0
2018-08-13 20:00:00,0.0
2018-08-13 21:00:00,0.0
2018-08-13 22:00:00,0.0
2018-08-13 23:00:00,0.0
2018-08-14 00:00:00,0.0
2018-08-14 01:00:00,0.0
2018-08-14 02:00:00,0.0
2018-08-14 03:00:00,0.0
2018-08-14 04:00:00,0.0
2018-08-14 05:00:00,0.0
2018-08-14 06:00:00,2402.0
2018-08-14 07:00:00,53747.0
2018-08-14 08:00:00,170769.0
2018-08-14 09:00:00,303005.0
2018-08-14 10:00:00,402772.0
2018-08-14 11:00:00,431204.0
2018-08-14 12:00:00,429927.0
2018-08-14 13:00:00,342303.0
2018-08-14 14:00:00,318727.0
2018-08-14 15:00:00,213060.0
2018-08-14 16:00:00,87778.0
2018-08-14 17:00:00,10378.0
2018-08-14 18:00:00,0.0
2018-08-14 19:00:00,0.0
2018-08-14 20:00:00,0.0
2018-08-14 21:00:00,0.0
2018-08-14 22:00:00,0.0
2018-08-14 23:00:00,0.0
2018-08-15 00:00:00,0.0
2018-08-15 01:00:00,0.0
2018-08-15 02:00:00,0.0
2018-08-15 03:00:00,0.0
2018-08-15 04:00:00,0.0
2018-08-15 05:00:00,0.0
2018-08-15 06:00:00,902.0
2018-08-15 07:00:00,48169.0
2018-08-15 08:00:00,160754.0
2018-08-15 09:00:00,284240.0
2018-08-15 10:00:00,372438.0
2018-08-15 11:00:00,422586.0
2018-08-15 12:00:00,435090.0
2018-08-15 13:00:00,401558.0
2018-08-15 14:00:00,318299.0
2018-08-15 15:00:00,201264.0
2018-08-15 16:00:00,81975.0
2018-08-15 17:00:00,9893.0
2018-08-15 18:00:00,0.0
2018-08-15 19:00:00,0.0
2018-08-15 20:00:00,0.0
2018-08-15 21:00:00,0.0
2018-08-15 22:00:00,0.0
2018-08-15 23:00:00,0.0
2018-08-16 00:00:00,0.0
2018-08-16 01:00:00,0.0
2018-08-16 02:00:00,0.0
2018-08-16 03:00:00,0.0
2018-08-16 04:00:00,0.0
2018-08-16 05:00:00,0.0
2018-08-16 06:00:00,1477.0
2018-08-16 07:00:00,50265.0
2018-08-16 08:00:00,165111.0
2018-08-16 09:00:00,294731.0
2018-08-16 10:00:00,385604.0
2018-08-16 11:00:00,432469.0
2018-08-16 12:00:00,433920.0
2018-08-16 13:00:00,398551.0
2018-08-16 14:00:00,319603.0
2018-08-16 15:00:00,208643.0
2018-08-16 16:00:00,86927.0
2018-08-16 17:00:00,9943.0
2018-08-16 18:00:00,0.0
2018-08-16 19:00:00,0.0
2018-08-16 20:00:00,0.0
2018-08-16 21:00:00,0.0
2018-08-16 22:00:00,0.0
2018-08-16 23:00:00,0.0
2018-08-17 00:00:00,0.0
2018-08-17 01:00:00,0.0
2018-08-17 02:00:00,0.0
2018-08-17 03:00:00,0.0
2018-08-17 04:00:00,0.0
2018-08-17 05:00:00,0.0
2018-08-17 06:00:00,1510.0
2018-08-17 07:00:00,50826.0
2018-08-17 08:00:00,165867.0
2018-08-17 09:00:00,293086.0
2018-08-17 10:00:00,394436.0
2018-08-17 11:00:00,441095.0
2018-08-17 12:00:00,441775.0
2018-08-17 13:00:00,398166.0
2018-08-17 14:00:00,291453.0
2018-08-17 15:00:00,111276.0
2018-08-17 16:00:00,56112.0
2018-08-17 17:00:00,2263.0
2018-08-17 18:00:00,0.0
2018-08-17 19:00:00,0.0
2018-08-17 20:00:00,0.0
2018-08-17 21:00:00,0.0
2018-08-17 22:00:00,0.0
2018-08-17 23:00:00,0.0
2018-08-18 00:00:00,0.0
2018-08-18 01:00:00,0.0
2018-08-18 02:00:00,0.0
2018-08-18 03:00:00,0.0
2018-08-18 04:00:00,0.0
2018-08-18 05:00:00,0.0
2018-08-18 06:00:00,0.0
2018-08-18 07:00:00,10670.0
2018-08-18 08:00:00,59147.0
2018-08-18 09:00:00,123466.0
2018-08-18 10:00:00,98220.0
2018-08-18 11:00:00,65975.0
2018-08-18 12:00:00,128839.0
2018-08-18 13:00:00,242833.0
2018-08-18 14:00:00,231686.0
2018-08-18 15:00:00,44070.0
2018-08-18 16:00:00,10946.0
2018-08-18 17:00:00,1670.0
2018-08-18 18:00:00,0.0
2018-08-18 19:00:00,0.0
2018-08-18 20:00:00,0.0
2018-08-18 21:00:00,0.0
2018-08-18 22:00:00,0.0
2018-08-18 23:00:00,0.0
2018-08-19 00:00:00,0.0
2018-08-19 01:00:00,0.0
2018-08-19 02:00:00,0.0
2018-08-19 03:00:00,0.0
2018-08-19 04:00:00,0.0
2018-08-19 05:00:00,0.0
2018-08-19 06:00:00,2959.0
2018-08-19 07:00:00,51022.0
2018-08-19 08:00:00,187229.0
2018-08-19 09:00:00,261600.0
2018-08-19 10:00:00,451115.0
2018-08-19 11:00:00,484856.0
2018-08-19 12:00:00,495338.0
2018-08-19 13:00:00,458521.0
2018-08-19 14:00:00,366522.0
2018-08-19 15:00:00,245523.0
2018-08-19 16:00:00,107917.0
2018-08-19 17:00:00,13713.0
2018-08-19 18:00:00,0.0
2018-08-19 19:00:00,0.0
2018-08-19 20:00:00,0.0
2018-08-19 21:00:00,0.0
2018-08-19 22:00:00,0.0
2018-08-19 23:00:00,0.0
2018-08-20 00:00:00,0.0
2018-08-20 01:00:00,0.0
2018-08-20 02:00:00,0.0
2018-08-20 03:00:00,0.0
2018-08-20 04:00:00,0.0
2018-08-20 05:00:00,0.0
2018-08-20 06:00:00,3062.0
2018-08-20 07:00:00,66601.0
2018-08-20 08:00:00,196747.0
2018-08-20 09:00:00,331282.0
2018-08-20 10:00:00,428552.0
2018-08-20 11:00:00,477021.0
2018-08-20 12:00:00,463690.0
2018-08-20 13:00:00,425578.0
2018-08-20 14:00:00,335036.0
2018-08-20 15:00:00,220822.0
2018-08-20 16:00:00,95443.0
2018-08-20 17:00:00,12146.0
2018-08-20 18:00:00,0.0
2018-08-20 19:00:00,0.0
2018-08-20 20:00:00,0.0
2018-08-20 21:00:00,0.0
2018-08-20 22:00:00,0.0
2018-08-20 23:00:00,0.0
2018-08-21 00:00:00,0.0
2018-08-21 01:00:00,0.0
2018-08-21 02:00:00,0.0
2018-08-21 03:00:00,0.0
2018-08-21 04:00:00,0.0
2018-08-21 05:00:00,0.0
2018-08-21 06:00:00,2698.0
2018-08-21 07:00:00,60958.0
2018-08-21 08:00:00,183646.0
2018-08-21 09:00:00,314162.0
2018-08-21 10:00:00,405036.0
2018-08-21 11:00:00,456429.0
2018-08-21 12:00:00,461911.0
2018-08-21 13:00:00,424908.0
2018-08-21 14:00:00,334456.0
2018-08-21 15:00:00,205582.0
2018-08-21 16:00:00,86991.0
2018-08-21 17:00:00,7577.0
2018-08-21 18:00:00,0.0
2018-08-21 19:00:00,0.0
2018-08-21 20:00:00,0.0
2018-08-21 21:00:00,0.0
2018-08-21 22:00:00,0.0
2018-08-21 23:00:00,0.0
2018-08-22 00:00:00,0.0
2018-08-22 01:00:00,0.0
2018-08-22 02:00:00,0.0
2018-08-22 03:00:00,0.0
2018-08-22 04:00:00,0.0
2018-08-22 05:00:00,0.0
2018-08-22 06:00:00,3132.0
2018-08-22 07:00:00,59711.0
2018-08-22 08:00:00,181264.0
2018-08-22 09:00:00,309445.0
2018-08-22 10:00:00,405218.0
2018-08-22 11:00:00,448099.0
2018-08-22 12:00:00,449096.0
2018-08-22 13:00:00,414720.0
2018-08-22 14:00:00,328406.0
2018-08-22 15:00:00,213511.0
2018-08-22 16:00:00,90141.0
2018-08-22 17:00:00,12043.0
2018-08-22 18:00:00,0.0
2018-08-22 19:00:00,0.0
2018-08-22 20:00:00,0.0
2018-08-22 21:00:00,0.0
2018-08-22 22:00:00,0.0
2018-08-22 23:00:00,0.0
2018-08-23 00:00:00,0.0
2018-08-23 01:00:00,0.0
2018-08-23 02:00:00,0.0
2018-08-23 03:00:00,0.0
2018-08-23 04:00:00,0.0
2018-08-23 05:00:00,0.0
2018-08-23 06:00:00,3611.0
2018-08-23 07:00:00,70342.0
2018-08-23 08:00:00,184604.0
2018-08-23 09:00:00,312330.0
2018-08-23 10:00:00,401646.0
2018-08-23 11:00:00,464803.0
2018-08-23 12:00:00,464988.0
2018-08-23 13:00:00,431742.0
2018-08-23 14:00:00,347595.0
2018-08-23 15:00:00,238340.0
2018-08-23 16:00:00,106583.0
2018-08-23 17:00:00,14551.0
2018-08-23 18:00:00,0.0
2018-08-23 19:00:00,0.0
2018-08-23 20:00:00,0.0
2018-08-23 21:00:00,0.0
2018-08-23 22:00:00,0.0
2018-08-23 23:00:00,0.0
2018-08-24 00:00:00,0.0
2018-08-24 01:00:00,0.0
2018-08-24 02:00:00,0.0
2018-08-24 03:00:00,0.0
2018-08-24 04:00:00,0.0
2018-08-24 05:00:00,0.0
2018-08-24 06:00:00,4589.0
2018-08-24 07:00:00,77898.0
2018-08-24 08:00:00,202208.0
2018-08-24 09:00:00,332036.0
2018-08-24 10:00:00,423921.0
2018-08-24 11:00:00,474996.0
2018-08-24 12:00:00,473920.0
2018-08-24 13:00:00,428459.0
2018-08-24 14:00:00,264510.0
2018-08-24 15:00:00,183666.0
2018-08-24 16:00:00,80897.0
2018-08-24 17:00:00,11349.0
2018-08-24 18:00:00,0.0
2018-08-24 19:00:00,0.0
2018-08-24 20:00:00,0.0
2018-08-24 21:00:00,0.0
2018-08-24 22:00:00,0.0
2018-08-24 23:00:00,0.0
2018-08-25 00:00:00,0.0
2018-08-25 01:00:00,0.0
2018-08-25 02:00:00,0.0
2018-08-25 03:00:00,0.0
2018-08-25 04:00:00,0.0
2018-08-25 05:00:00,0.0
2018-08-25 06:00:00,3101.0
2018-08-25 07:00:00,36696.0
2018-08-25 08:00:00,171476.0
2018-08-25 09:00:00,248491.0
2018-08-25 10:00:00,397160.0
2018-08-25 11:00:00,432133.0
2018-08-25 12:00:00,469503.0
2018-08-25 13:00:00,406100.0
2018-08-25 14:00:00,345365.0
2018-08-25 15:00:00,227779.0
2018-08-25 16:00:00,91284.0
2018-08-25 17:00:00,13361.0
2018-08-25 18:00:00,0.0
2018-08-25 19:00:00,0.0
2018-08-25 20:00:00,0.0
2018-08-25 21:00:00,0.0
2018-08-25 22:00:00,0.0
2018-08-25 23:00:00,0.0
2018-08-26 00:00:00,0.0
2018-08-26 01:00:00,0.0
2018-08-26 02:00:00,0.0
2018-08-26 03:00:00,0.0
2018-08-26 04:00:00,0.0
2018-08-26 05:00:00,0.0
2018-08-26 06:00:00,4201.0
2018-08-26 07:00:00,65324.0
2018-08-26 08:00:00,187093.0
2018-08-26 09:00:00,312722.0
2018-08-26 10:00:00,406359.0
2018-08-26 11:00:00,463456.0
2018-08-26 12:00:00,463439.0
2018-08-26 13:00:00,424634.0
2018-08-26 14:00:00,332695.0
2018-08-26 15:00:00,207421.0
2018-08-26 16:00:00,87005.0
2018-08-26 17:00:00,10218.0
2018-08-26 18:00:00,0.0
2018-08-26 19:00:00,0.0
2018-08-26 20:00:00,0.0
2018-08-26 21:00:00,0.0
2018-08-26 22:00:00,0.0
2018-08-26 23:00:00,0.0
2018-08-27 00:00:00,0.0
2018-08-27 01:00:00,0.0
2018-08-27 02:00:00,0.0
2018-08-27 03:00:00,0.0
2018-08-27 04:00:00,0.0
2018-08-27 05:00:00,0.0
2018-08-27 06:00:00,5077.0
2018-08-27 07:00:00,92051.0
2018-08-27 08:00:00,254769.0
2018-08-27 09:00:00,400034.0
2018-08-27 10:00:00,496071.0
2018-08-27 11:00:00,542261.0
2018-08-27 12:00:00,536519.0
2018-08-27 13:00:00,498241.0
2018-08-27 14:00:00,409384.0
2018-08-27 15:00:00,268457.0
2018-08-27 16:00:00,131316.0
2018-08-27 17:00:00,19187.0
2018-08-27 18:00:00,0.0
2018-08-27 19:00:00,0.0
2018-08-27 20:00:00,0.0
2018-08-27 21:00:00,0.0
2018-08-27 22:00:00,0.0
2018-08-27 23:00:00,0.0
2018-08-28 00:00:00,0.0
2018-08-28 01:00:00,0.0
2018-08-28 02:00:00,0.0
2018-08-28 03:00:00,0.0
2018-08-28 04:00:00,0.0
2018-08-28 05:00:00,0.0
2018-08-28 06:00:00,5204.0
2018-08-28 07:00:00,89730.0
2018-08-28 08:00:00,244962.0
2018-08-28 09:00:00,383291.0
2018-08-28 10:00:00,468875.0
2018-08-28 11:00:00,510119.0
2018-08-28 12:00:00,506175.0
2018-08-28 13:00:00,460907.0
2018-08-28 14:00:00,372155.0
2018-08-28 15:00:00,245480.0
2018-08-28 16:00:00,106533.0
2018-08-28 17:00:00,16549.0
2018-08-28 18:00:00,0.0
2018-08-28 19:00:00,0.0
2018-08-28 20:00:00,0.0
2018-08-28 21:00:00,0.0
2018-08-28 22:00:00,0.0
2018-08-28 23:00:00,0.0
2018-08-29 00:00:00,0.0
2018-08-29 01:00:00,0.0
2018-08-29 02:00:00,0.0
2018-08-29 03:00:00,0.0
2018-08-29 04:00:00,0.0
2018-08-29 05:00:00,0.0
2018-08-29 06:00:00,7080.0
2018-08-29 07:00:00,94560.0
2018-08-29 08:00:00,237036.0
2018-08-29 09:00:00,368807.0
2018-08-29 10:00:00,450034.0
2018-08-29 11:00:00,491366.0
2018-08-29 12:00:00,496674.0
2018-08-29 13:00:00,458841.0
2018-08-29 14:00:00,370646.0
2018-08-29 15:00:00,249306.0
2018-08-29 16:00:00,114251.0
2018-08-29 17:00:00,16955.0
2018-08-29 18:00:00,0.0
2018-08-29 19:00:00,0.0
2018-08-29 20:00:00,0.0
2018-08-29 21:00:00,0.0
2018-08-29 22:00:00,0.0
2018-08-29 23:00:00,0.0
2018-08-30 00:00:00,0.0
2018-08-30 01:00:00,0.0
2018-08-30 02:00:00,0.0
2018-08-30 03:00:00,0.0
2018-08-30 04:00:00,0.0
2018-08-30 05:00:00,0.0
2018-08-30 06:00:00,6250.0
2018-08-30 07:00:00,88966.0
2018-08-30 08:00:00,236544.0
2018-08-30 09:00:00,374573.0
2018-08-30 10:00:00,466181.0
2018-08-30 11:00:00,496696.0
2018-08-30 12:00:00,497512.0
2018-08-30 13:00:00,457996.0
2018-08-30 14:00:00,366540.0
2018-08-30 15:00:00,253792.0
2018-08-30 16:00:00,118904.0
2018-08-30 17:00:00,17617.0
2018-08-30 18:00:00,0.0
2018-08-30 19:00:00,0.0
2018-08-30 20:00:00,0.0
2018-08-30 21:00:00,0.0
2018-08-30 22:00:00,0.0
2018-08-30 23:00:00,0.0
2018-08-31 00:00:00,0.0
2018-08-31 01:00:00,0.0
2018-08-31 02:00:00,0.0
2018-08-31 03:00:00,0.0
2018-08-31 04:00:00,0.0
2018-08-31 05:00:00,0.0
2018-08-31 06:00:00,6138.0
2018-08-31 07:00:00,85831.0
2018-08-31 08:00:00,222755.0
2018-08-31 09:00:00,358566.0
2018-08-31 10:00:00,453560.0
2018-08-31 11:00:00,495622.0
2018-08-31 12:00:00,495555.0
2018-08-31 13:00:00,442524.0
2018-08-31 14:00:00,356129.0
2018-08-31 15:00:00,243507.0
2018-08-31 16:00:00,109587.0
2018-08-31 17:00:00,15749.0
2018-08-31 18:00:00,0.0
2018-08-31 19:00:00,0.0
2018-08-31 20:00:00,0.0
2018-08-31 21:00:00,0.0
2018-08-31 22:00:00,0.0
2018-08-31 23:00:00,0.0
2018-09-01 00:00:00,0.0
2018-09-01 01:00:00,0.0
2018-09-01 02:00:00,0.0
2018-09-01 03:00:00,0.0
2018-09-01 04:00:00,0.0
2018-09-01 05:00:00,0.0
2018-09-01 06:00:00,8122.0
2018-09-01 07:00:00,82571.0
2018-09-01 08:00:00,209097.0
2018-09-01 09:00:00,341322.0
2018-09-01 10:00:00,445208.0
2018-09-01 11:00:00,489986.0
2018-09-01 12:00:00,488412.0
2018-09-01 13:00:00,442882.0
2018-09-01 14:00:00,365234.0
2018-09-01 15:00:00,239292.0
2018-09-01 16:00:00,110090.0
2018-09-01 17:00:00,12666.0
2018-09-01 18:00:00,0.0
2018-09-01 19:00:00,0.0
2018-09-01 20:00:00,0.0
2018-09-01 21:00:00,0.0
2018-09-01 22:00:00,0.0
2018-09-01 23:00:00,0.0
2018-09-02 00:00:00,0.0
2018-09-02 01:00:00,0.0
2018-09-02 02:00:00,0.0
2018-09-02 03:00:00,0.0
2018-09-02 04:00:00,0.0
2018-09-02 05:00:00,0.0
2018-09-02 06:00:00,6985.0
2018-09-02 07:00:00,86116.0
2018-09-02 08:00:00,230911.0
2018-09-02 09:00:00,368608.0
2018-09-02 10:00:00,469633.0
2018-09-02 11:00:00,512549.0
2018-09-02 12:00:00,518455.0
2018-09-02 13:00:00,473192.0
2018-09-02 14:00:00,383943.0
2018-09-02 15:00:00,264213.0
2018-09-02 16:00:00,122531.0
2018-09-02 17:00:00,19241.0
2018-09-02 18:00:00,0.0
2018-09-02 19:00:00,0.0
2018-09-02 20:00:00,0.0
2018-09-02 21:00:00,0.0
2018-09-02 22:00:00,0.0
2018-09-02 23:00:00,0.0
2018-09-03 00:00:00,0.0
2018-09-03 01:00:00,0.0
2018-09-03 02:00:00,0.0
2018-09-03 03:00:00,0.0
2018-09-03 04:00:00,0.0
2018-09-03 05:00:00,0.0
2018-09-03 06:00:00,8296.0
2018-09-03 07:00:00,97565.0
2018-09-03 08:00:00,251766.0
2018-09-03 09:00:00,201151.0
2018-09-03 10:00:00,0.0
2018-09-03 11:00:00,53858.0
2018-09-03 12:00:00,0.0
2018-09-03 13:00:00,0.0
2018-09-03 14:00:00,0.0
2018-09-03 15:00:00,0.0
2018-09-03 16:00:00,0.0
2018-09-03 17:00:00,0.0
2018-09-03 18:00:00,0.0
2018-09-03 19:00:00,0.0
2018-09-03 20:00:00,0.0
2018-09-03 21:00:00,0.0
2018-09-03 22:00:00,0.0
2018-09-03 23:00:00,0.0
2018-09-04 00:00:00,0.0
2018-09-04 01:00:00,0.0
2018-09-04 02:00:00,0.0
2018-09-04 03:00:00,0.0
2018-09-04 04:00:00,0.0
2018-09-04 05:00:00,0.0
2018-09-04 06:00:00,0.0
2018-09-04 07:00:00,0.0
2018-09-04 08:00:00,0.0
2018-09-04 09:00:00,0.0
2018-09-04 10:00:00,4260.0
2018-09-04 11:00:00,395574.0
2018-09-04 12:00:00,524003.0
2018-09-04 13:00:00,493022.0
2018-09-04 14:00:00,106707.0
2018-09-04 15:00:00,189747.0
2018-09-04 16:00:00,113032.0
2018-09-04 17:00:00,18147.0
2018-09-04 18:00:00,0.0
2018-09-04 19:00:00,0.0
2018-09-04 20:00:00,0.0
2018-09-04 21:00:00,0.0
2018-09-04 22:00:00,0.0
2018-09-04 23:00:00,0.0
2018-09-05 00:00:00,0.0
2018-09-05 01:00:00,0.0
2018-09-05 02:00:00,0.0
2018-09-05 03:00:00,0.0
2018-09-05 04:00:00,0.0
2018-09-05 05:00:00,0.0
2018-09-05 06:00:00,9636.0
2018-09-05 07:00:00,96269.0
2018-09-05 08:00:00,239891.0
2018-09-05 09:00:00,372885.0
2018-09-05 10:00:00,459433.0
2018-09-05 11:00:00,503235.0
2018-09-05 12:00:00,507222.0
2018-09-05 13:00:00,461174.0
2018-09-05 14:00:00,364476.0
2018-09-05 15:00:00,238640.0
2018-09-05 16:00:00,105707.0
2018-09-05 17:00:00,17320.0
2018-09-05 18:00:00,0.0
2018-09-05 19:00:00,0.0
2018-09-05 20:00:00,0.0
2018-09-05 21:00:00,0.0
2018-09-05 22:00:00,0.0
2018-09-05 23:00:00,0.0
2018-09-06 00:00:00,0.0
2018-09-06 01:00:00,0.0
2018-09-06 02:00:00,0.0
2018-09-06 03:00:00,0.0
2018-09-06 04:00:00,0.0
2018-09-06 05:00:00,0.0
2018-09-06 06:00:00,7282.0
2018-09-06 07:00:00,63378.0
2018-09-06 08:00:00,154158.0
2018-09-06 09:00:00,335486.0
2018-09-06 10:00:00,445380.0
2018-09-06 11:00:00,474646.0
2018-09-06 12:00:00,481289.0
2018-09-06 13:00:00,450412.0
2018-09-06 14:00:00,358784.0
2018-09-06 15:00:00,255611.0
2018-09-06 16:00:00,113482.0
2018-09-06 17:00:00,21270.0
2018-09-06 18:00:00,0.0
2018-09-06 19:00:00,0.0
2018-09-06 20:00:00,0.0
2018-09-06 21:00:00,0.0
2018-09-06 22:00:00,0.0
2018-09-06 23:00:00,0.0
2018-09-07 00:00:00,0.0
2018-09-07 01:00:00,0.0
2018-09-07 02:00:00,0.0
2018-09-07 03:00:00,0.0
2018-09-07 04:00:00,0.0
2018-09-07 05:00:00,0.0
2018-09-07 06:00:00,606.0
2018-09-07 07:00:00,49218.0
2018-09-07 08:00:00,117287.0
2018-09-07 09:00:00,81950.0
2018-09-07 10:00:00,245228.0
2018-09-07 11:00:00,29302.0
2018-09-07 12:00:00,32123.0
2018-09-07 13:00:00,243969.0
2018-09-07 14:00:00,236547.0
2018-09-07 15:00:00,242671.0
2018-09-07 16:00:00,107041.0
2018-09-07 17:00:00,21445.0
2018-09-07 18:00:00,0.0
2018-09-07 19:00:00,0.0
2018-09-07 20:00:00,0.0
2018-09-07 21:00:00,0.0
2018-09-07 22:00:00,0.0
2018-09-07 23:00:00,0.0
2018-09-08 00:00:00,0.0
2018-09-08 01:00:00,0.0
2018-09-08 02:00:00,0.0
2018-09-08 03:00:00,0.0
2018-09-08 04:00:00,0.0
2018-09-08 05:00:00,0.0
2018-09-08 06:00:00,6660.0
2018-09-08 07:00:00,72855.0
2018-09-08 08:00:00,207457.0
2018-09-08 09:00:00,213529.0
2018-09-08 10:00:00,487222.0
2018-09-08 11:00:00,573062.0
2018-09-08 12:00:00,569802.0
2018-09-08 13:00:00,545735.0
2018-09-08 14:00:00,454538.0
2018-09-08 15:00:00,321734.0
2018-09-08 16:00:00,160724.0
2018-09-08 17:00:00,28153.0
2018-09-08 18:00:00,0.0
2018-09-08 19:00:00,0.0
2018-09-08 20:00:00,0.0
2018-09-08 21:00:00,0.0
2018-09-08 22:00:00,0.0
2018-09-08 23:00:00,0.0
2018-09-09 00:00:00,0.0
2018-09-09 01:00:00,0.0
2018-09-09 02:00:00,0.0
2018-09-09 03:00:00,0.0
2018-09-09 04:00:00,0.0
2018-09-09 05:00:00,0.0
2018-09-09 06:00:00,17270.0
2018-09-09 07:00:00,154778.0
2018-09-09 08:00:00,346787.0
2018-09-09 09:00:00,498879.0
2018-09-09 10:00:00,600401.0
2018-09-09 11:00:00,643166.0
2018-09-09 12:00:00,634795.0
2018-09-09 13:00:00,584923.0
2018-09-09 14:00:00,490920.0
2018-09-09 15:00:00,350835.0
2018-09-09 16:00:00,178732.0
2018-09-09 17:00:00,32257.0
2018-09-09 18:00:00,0.0
2018-09-09 19:00:00,0.0
2018-09-09 20:00:00,0.0
2018-09-09 21:00:00,0.0
2018-09-09 22:00:00,0.0
2018-09-09 23:00:00,0.0
2018-09-10 00:00:00,0.0
2018-09-10 01:00:00,0.0
2018-09-10 02:00:00,0.0
2018-09-10 03:00:00,0.0
2018-09-10 04:00:00,0.0
2018-09-10 05:00:00,0.0
2018-09-10 06:00:00,20122.0
2018-09-10 07:00:00,157639.0
2018-09-10 08:00:00,333172.0
2018-09-10 09:00:00,473478.0
2018-09-10 10:00:00,562153.0
2018-09-10 11:00:00,594486.0
2018-09-10 12:00:00,580527.0
2018-09-10 13:00:00,527417.0
2018-09-10 14:00:00,421527.0
2018-09-10 15:00:00,311419.0
2018-09-10 16:00:00,166285.0
2018-09-10 17:00:00,29507.0
2018-09-10 18:00:00,0.0
2018-09-10 19:00:00,0.0
2018-09-10 20:00:00,0.0
2018-09-10 21:00:00,0.0
2018-09-10 22:00:00,0.0
2018-09-10 23:00:00,0.0
2018-09-11 00:00:00,0.0
2018-09-11 01:00:00,0.0
2018-09-11 02:00:00,0.0
2018-09-11 03:00:00,0.0
2018-09-11 04:00:00,0.0
2018-09-11 05:00:00,0.0
2018-09-11 06:00:00,19747.0
2018-09-11 07:00:00,154551.0
2018-09-11 08:00:00,329087.0
2018-09-11 09:00:00,471625.0
2018-09-11 10:00:00,552821.0
2018-09-11 11:00:00,580009.0
2018-09-11 12:00:00,590221.0
2018-09-11 13:00:00,547074.0
2018-09-11 14:00:00,454521.0
2018-09-11 15:00:00,330897.0
2018-09-11 16:00:00,166445.0
2018-09-11 17:00:00,30085.0
2018-09-11 18:00:00,0.0
2018-09-11 19:00:00,0.0
2018-09-11 20:00:00,0.0
2018-09-11 21:00:00,0.0
2018-09-11 22:00:00,0.0
2018-09-11 23:00:00,0.0
2018-09-12 00:00:00,0.0
2018-09-12 01:00:00,0.0
2018-09-12 02:00:00,0.0
2018-09-12 03:00:00,0.0
2018-09-12 04:00:00,0.0
2018-09-12 05:00:00,0.0
2018-09-12 06:00:00,20222.0
2018-09-12 07:00:00,155080.0
2018-09-12 08:00:00,330419.0
2018-09-12 09:00:00,479063.0
2018-09-12 10:00:00,576926.0
2018-09-12 11:00:00,612376.0
2018-09-12 12:00:00,578764.0
2018-09-12 13:00:00,538075.0
2018-09-12 14:00:00,454014.0
2018-09-12 15:00:00,329752.0
2018-09-12 16:00:00,163556.0
2018-09-12 17:00:00,29281.0
2018-09-12 18:00:00,0.0
2018-09-12 19:00:00,0.0
2018-09-12 20:00:00,0.0
2018-09-12 21:00:00,0.0
2018-09-12 22:00:00,0.0
2018-09-12 23:00:00,0.0
2018-09-13 00:00:00,0.0
2018-09-13 01:00:00,0.0
2018-09-13 02:00:00,0.0
2018-09-13 03:00:00,0.0
2018-09-13 04:00:00,0.0
2018-09-13 05:00:00,0.0
2018-09-13 06:00:00,22376.0
2018-09-13 07:00:00,161026.0
2018-09-13 08:00:00,332485.0
2018-09-13 09:00:00,467735.0
2018-09-13 10:00:00,550428.0
2018-09-13 11:00:00,589086.0
2018-09-13 12:00:00,593506.0
2018-09-13 13:00:00,545833.0
2018-09-13 14:00:00,464446.0
2018-09-13 15:00:00,342199.0
2018-09-13 16:00:00,176721.0
2018-09-13 17:00:00,32563.0
2018-09-13 18:00:00,0.0
2018-09-13 19:00:00,0.0
2018-09-13 20:00:00,0.0
2018-09-13 21:00:00,0.0
2018-09-13 22:00:00,0.0
2018-09-13 23:00:00,0.0
2018-09-14 00:00:00,0.0
2018-09-14 01:00:00,0.0
2018-09-14 02:00:00,0.0
2018-09-14 03:00:00,0.0
2018-09-14 04:00:00,0.0
2018-09-14 05:00:00,0.0
2018-09-14 06:00:00,23408.0
2018-09-14 07:00:00,164776.0
2018-09-14 08:00:00,339828.0
2018-09-14 09:00:00,477070.0
2018-09-14 10:00:00,560694.0
2018-09-14 11:00:00,599803.0
2018-09-14 12:00:00,598397.0
2018-09-14 13:00:00,554487.0
2018-09-14 14:00:00,467372.0
2018-09-14 15:00:00,338386.0
2018-09-14 16:00:00,170643.0
2018-09-14 17:00:00,32363.0
2018-09-14 18:00:00,0.0
2018-09-14 19:00:00,0.0
2018-09-14 20:00:00,0.0
2018-09-14 21:00:00,0.0
2018-09-14 22:00:00,0.0
2018-09-14 23:00:00,0.0
2018-09-15 00:00:00,0.0
2018-09-15 01:00:00,0.0
2018-09-15 02:00:00,0.0
2018-09-15 03:00:00,0.0
2018-09-15 04:00:00,0.0
2018-09-15 05:00:00,0.0
2018-09-15 06:00:00,25654.0
2018-09-15 07:00:00,165958.0
2018-09-15 08:00:00,338660.0
2018-09-15 09:00:00,473508.0
2018-09-15 10:00:00,566753.0
2018-09-15 11:00:00,615002.0
2018-09-15 12:00:00,505922.0
2018-09-15 13:00:00,550807.0
2018-09-15 14:00:00,404238.0
2018-09-15 15:00:00,225930.0
2018-09-15 16:00:00,111663.0
2018-09-15 17:00:00,30263.0
2018-09-15 18:00:00,0.0
2018-09-15 19:00:00,0.0
2018-09-15 20:00:00,0.0
2018-09-15 21:00:00,0.0
2018-09-15 22:00:00,0.0
2018-09-15 23:00:00,0.0
2018-09-16 00:00:00,0.0
2018-09-16 01:00:00,0.0
2018-09-16 02:00:00,0.0
2018-09-16 03:00:00,0.0
2018-09-16 04:00:00,0.0
2018-09-16 05:00:00,0.0
2018-09-16 06:00:00,24927.0
2018-09-16 07:00:00,159048.0
2018-09-16 08:00:00,327972.0
2018-09-16 09:00:00,460916.0
2018-09-16 10:00:00,549686.0
2018-09-16 11:00:00,593693.0
2018-09-16 12:00:00,588422.0
2018-09-16 13:00:00,538701.0
2018-09-16 14:00:00,439345.0
2018-09-16 15:00:00,309236.0
2018-09-16 16:00:00,140132.0
2018-09-16 17:00:00,30672.0
2018-09-16 18:00:00,0.0
2018-09-16 19:00:00,0.0
2018-09-16 20:00:00,0.0
2018-09-16 21:00:00,0.0
2018-09-16 22:00:00,0.0
2018-09-16 23:00:00,0.0
2018-09-17 00:00:00,0.0
2018-09-17 01:00:00,0.0
2018-09-17 02:00:00,0.0
2018-09-17 03:00:00,0.0
2018-09-17 04:00:00,0.0
2018-09-17 05:00:00,0.0
2018-09-17 06:00:00,23286.0
2018-09-17 07:00:00,151428.0
2018-09-17 08:00:00,315412.0
2018-09-17 09:00:00,458622.0
2018-09-17 10:00:00,448111.0
2018-09-17 11:00:00,422540.0
2018-09-17 12:00:00,439123.0
2018-09-17 13:00:00,397261.0
2018-09-17 14:00:00,328872.0
2018-09-17 15:00:00,233579.0
2018-09-17 16:00:00,121998.0
2018-09-17 17:00:00,24233.0
2018-09-17 18:00:00,0.0
2018-09-17 19:00:00,0.0
2018-09-17 20:00:00,0.0
2018-09-17 21:00:00,0.0
2018-09-17 22:00:00,0.0
2018-09-17 23:00:00,0.0
2018-09-18 00:00:00,0.0
2018-09-18 01:00:00,0.0
2018-09-18 02:00:00,0.0
2018-09-18 03:00:00,0.0
2018-09-18 04:00:00,0.0
2018-09-18 05:00:00,0.0
2018-09-18 06:00:00,18948.0
2018-09-18 07:00:00,109194.0
2018-09-18 08:00:00,226573.0
2018-09-18 09:00:00,329724.0
2018-09-18 10:00:00,397967.0
2018-09-18 11:00:00,422640.0
2018-09-18 12:00:00,423583.0
2018-09-18 13:00:00,392521.0
2018-09-18 14:00:00,327752.0
2018-09-18 15:00:00,223196.0
2018-09-18 16:00:00,108845.0
2018-09-18 17:00:00,22073.0
2018-09-18 18:00:00,0.0
2018-09-18 19:00:00,0.0
2018-09-18 20:00:00,0.0
2018-09-18 21:00:00,0.0
2018-09-18 22:00:00,0.0
2018-09-18 23:00:00,0.0
2018-09-19 00:00:00,0.0
2018-09-19 01:00:00,0.0
2018-09-19 02:00:00,0.0
2018-09-19 03:00:00,0.0
2018-09-19 04:00:00,0.0
2018-09-19 05:00:00,0.0
2018-09-19 06:00:00,17963.0
2018-09-19 07:00:00,103217.0
2018-09-19 08:00:00,222175.0
2018-09-19 09:00:00,325705.0
2018-09-19 10:00:00,493791.0
2018-09-19 11:00:00,569715.0
2018-09-19 12:00:00,561718.0
2018-09-19 13:00:00,512308.0
2018-09-19 14:00:00,385037.0
2018-09-19 15:00:00,281005.0
2018-09-19 16:00:00,132942.0
2018-09-19 17:00:00,26122.0
2018-09-19 18:00:00,0.0
2018-09-19 19:00:00,0.0
2018-09-19 20:00:00,0.0
2018-09-19 21:00:00,0.0
2018-09-19 22:00:00,0.0
2018-09-19 23:00:00,0.0
2018-09-20 00:00:00,0.0
2018-09-20 01:00:00,0.0
2018-09-20 02:00:00,0.0
2018-09-20 03:00:00,0.0
2018-09-20 04:00:00,0.0
2018-09-20 05:00:00,0.0
2018-09-20 06:00:00,26831.0
2018-09-20 07:00:00,140302.0
2018-09-20 08:00:00,295608.0
2018-09-20 09:00:00,413851.0
2018-09-20 10:00:00,477024.0
2018-09-20 11:00:00,529524.0
2018-09-20 12:00:00,536741.0
2018-09-20 13:00:00,478379.0
2018-09-20 14:00:00,371073.0
2018-09-20 15:00:00,245122.0
2018-09-20 16:00:00,109685.0
2018-09-20 17:00:00,20710.0
2018-09-20 18:00:00,0.0
2018-09-20 19:00:00,0.0
2018-09-20 20:00:00,0.0
2018-09-20 21:00:00,0.0
2018-09-20 22:00:00,0.0
2018-09-20 23:00:00,0.0
2018-09-21 00:00:00,0.0
2018-09-21 01:00:00,0.0
2018-09-21 02:00:00,0.0
2018-09-21 03:00:00,0.0
2018-09-21 04:00:00,0.0
2018-09-21 05:00:00,0.0
2018-09-21 06:00:00,9294.0
2018-09-21 07:00:00,79193.0
2018-09-21 08:00:00,178643.0
2018-09-21 09:00:00,139923.0
2018-09-21 10:00:00,168678.0
2018-09-21 11:00:00,456717.0
2018-09-21 12:00:00,493303.0
2018-09-21 13:00:00,444258.0
2018-09-21 14:00:00,357846.0
2018-09-21 15:00:00,231408.0
2018-09-21 16:00:00,107323.0
2018-09-21 17:00:00,22155.0
2018-09-21 18:00:00,0.0
2018-09-21 19:00:00,0.0
2018-09-21 20:00:00,0.0
2018-09-21 21:00:00,0.0
2018-09-21 22:00:00,0.0
2018-09-21 23:00:00,0.0
2018-09-22 00:00:00,0.0
2018-09-22 01:00:00,0.0
2018-09-22 02:00:00,0.0
2018-09-22 03:00:00,0.0
2018-09-22 04:00:00,0.0
2018-09-22 05:00:00,0.0
2018-09-22 06:00:00,26595.0
2018-09-22 07:00:00,128615.0
2018-09-22 08:00:00,269925.0
2018-09-22 09:00:00,401696.0
2018-09-22 10:00:00,492544.0
2018-09-22 11:00:00,532097.0
2018-09-22 12:00:00,515077.0
2018-09-22 13:00:00,456282.0
2018-09-22 14:00:00,365236.0
2018-09-22 15:00:00,242227.0
2018-09-22 16:00:00,120119.0
2018-09-22 17:00:00,25386.0
2018-09-22 18:00:00,0.0
2018-09-22 19:00:00,0.0
2018-09-22 20:00:00,0.0
2018-09-22 21:00:00,0.0
2018-09-22 22:00:00,0.0
2018-09-22 23:00:00,0.0
2018-09-23 00:00:00,0.0
2018-09-23 01:00:00,0.0
2018-09-23 02:00:00,0.0
2018-09-23 03:00:00,0.0
2018-09-23 04:00:00,0.0
2018-09-23 05:00:00,0.0
2018-09-23 06:00:00,24663.0
2018-09-23 07:00:00,97859.0
2018-09-23 08:00:00,249916.0
2018-09-23 09:00:00,431732.0
2018-09-23 10:00:00,526041.0
2018-09-23 11:00:00,560577.0
2018-09-23 12:00:00,545963.0
2018-09-23 13:00:00,500740.0
2018-09-23 14:00:00,405963.0
2018-09-23 15:00:00,280111.0
2018-09-23 16:00:00,138605.0
2018-09-23 17:00:00,27397.0
2018-09-23 18:00:00,0.0
2018-09-23 19:00:00,0.0
2018-09-23 20:00:00,0.0
2018-09-23 21:00:00,0.0
2018-09-23 22:00:00,0.0
2018-09-23 23:00:00,0.0
2018-09-24 00:00:00,0.0
2018-09-24 01:00:00,0.0
2018-09-24 02:00:00,0.0
2018-09-24 03:00:00,0.0
2018-09-24 04:00:00,0.0
2018-09-24 05:00:00,0.0
2018-09-24 06:00:00,30958.0
2018-09-24 07:00:00,139525.0
2018-09-24 08:00:00,272972.0
2018-09-24 09:00:00,398612.0
2018-09-24 10:00:00,430817.0
2018-09-24 11:00:00,546011.0
2018-09-24 12:00:00,484806.0
2018-09-24 13:00:00,458554.0
2018-09-24 14:00:00,382809.0
2018-09-24 15:00:00,233694.0
2018-09-24 16:00:00,79076.0
2018-09-24 17:00:00,29421.0
2018-09-24 18:00:00,0.0
2018-09-24 19:00:00,0.0
2018-09-24 20:00:00,0.0
2018-09-24 21:00:00,0.0
2018-09-24 22:00:00,0.0
2018-09-24 23:00:00,0.0
2018-09-25 00:00:00,0.0
2018-09-25 01:00:00,0.0
2018-09-25 02:00:00,0.0
2018-09-25 03:00:00,0.0
2018-09-25 04:00:00,0.0
2018-09-25 05:00:00,0.0
2018-09-25 06:00:00,34409.0
2018-09-25 07:00:00,165263.0
2018-09-25 08:00:00,331026.0
2018-09-25 09:00:00,466981.0
2018-09-25 10:00:00,555515.0
2018-09-25 11:00:00,598890.0
2018-09-25 12:00:00,588755.0
2018-09-25 13:00:00,542205.0
2018-09-25 14:00:00,441524.0
2018-09-25 15:00:00,311571.0
2018-09-25 16:00:00,157955.0
2018-09-25 17:00:00,32316.0
2018-09-25 18:00:00,0.0
2018-09-25 19:00:00,0.0
2018-09-25 20:00:00,0.0
2018-09-25 21:00:00,0.0
2018-09-25 22:00:00,0.0
2018-09-25 23:00:00,0.0
2018-09-26 00:00:00,0.0
2018-09-26 01:00:00,0.0
2018-09-26 02:00:00,0.0
2018-09-26 03:00:00,0.0
2018-09-26 04:00:00,0.0
2018-09-26 05:00:00,0.0
2018-09-26 06:00:00,33062.0
2018-09-26 07:00:00,154738.0
2018-09-26 08:00:00,307186.0
2018-09-26 09:00:00,432030.0
2018-09-26 10:00:00,527758.0
2018-09-26 11:00:00,567566.0
2018-09-26 12:00:00,555198.0
2018-09-26 13:00:00,505791.0
2018-09-26 14:00:00,406720.0
2018-09-26 15:00:00,286917.0
2018-09-26 16:00:00,145306.0
2018-09-26 17:00:00,30080.0
2018-09-26 18:00:00,0.0
2018-09-26 19:00:00,0.0
2018-09-26 20:00:00,0.0
2018-09-26 21:00:00,0.0
2018-09-26 22:00:00,0.0
2018-09-26 23:00:00,0.0
2018-09-27 00:00:00,0.0
2018-09-27 01:00:00,0.0
2018-09-27 02:00:00,0.0
2018-09-27 03:00:00,0.0
2018-09-27 04:00:00,0.0
2018-09-27 05:00:00,2.0
2018-09-27 06:00:00,39491.0
2018-09-27 07:00:00,132903.0
2018-09-27 08:00:00,223059.0
2018-09-27 09:00:00,248838.0
2018-09-27 10:00:00,383119.0
2018-09-27 11:00:00,339636.0
2018-09-27 12:00:00,527501.0
2018-09-27 13:00:00,504812.0
2018-09-27 14:00:00,416109.0
2018-09-27 15:00:00,284221.0
2018-09-27 16:00:00,144781.0
2018-09-27 17:00:00,31732.0
2018-09-27 18:00:00,0.0
2018-09-27 19:00:00,0.0
2018-09-27 20:00:00,0.0
2018-09-27 21:00:00,0.0
2018-09-27 22:00:00,0.0
2018-09-27 23:00:00,0.0
2018-09-28 00:00:00,0.0
2018-09-28 01:00:00,0.0
2018-09-28 02:00:00,0.0
2018-09-28 03:00:00,0.0
2018-09-28 04:00:00,0.0
2018-09-28 05:00:00,0.0
2018-09-28 06:00:00,34809.0
2018-09-28 07:00:00,158185.0
2018-09-28 08:00:00,315785.0
2018-09-28 09:00:00,451830.0
2018-09-28 10:00:00,549594.0
2018-09-28 11:00:00,586533.0
2018-09-28 12:00:00,569045.0
2018-09-28 13:00:00,514753.0
2018-09-28 14:00:00,422433.0
2018-09-28 15:00:00,255379.0
2018-09-28 16:00:00,3961.0
2018-09-28 17:00:00,0.0
2018-09-28 18:00:00,0.0
2018-09-28 19:00:00,0.0
2018-09-28 20:00:00,0.0
2018-09-28 21:00:00,0.0
2018-09-28 22:00:00,0.0
2018-09-28 23:00:00,0.0
2018-09-29 00:00:00,0.0
2018-09-29 01:00:00,0.0
2018-09-29 02:00:00,0.0
2018-09-29 03:00:00,0.0
2018-09-29 04:00:00,0.0
2018-09-29 05:00:00,0.0
2018-09-29 06:00:00,45411.0
2018-09-29 07:00:00,205433.0
2018-09-29 08:00:00,368912.0
2018-09-29 09:00:00,494226.0
2018-09-29 10:00:00,575676.0
2018-09-29 11:00:00,611323.0
2018-09-29 12:00:00,598296.0
2018-09-29 13:00:00,559127.0
2018-09-29 14:00:00,372703.0
2018-09-29 15:00:00,310529.0
2018-09-29 16:00:00,158703.0
2018-09-29 17:00:00,35144.0
2018-09-29 18:00:00,0.0
2018-09-29 19:00:00,0.0
2018-09-29 20:00:00,0.0
2018-09-29 21:00:00,0.0
2018-09-29 22:00:00,0.0
2018-09-29 23:00:00,0.0
2018-09-30 00:00:00,0.0
2018-09-30 01:00:00,0.0
2018-09-30 02:00:00,0.0
2018-09-30 03:00:00,0.0
2018-09-30 04:00:00,0.0
2018-09-30 05:00:00,0.0
2018-09-30 06:00:00,12692.0
2018-09-30 07:00:00,49435.0
2018-09-30 08:00:00,209533.0
2018-09-30 09:00:00,523106.0
2018-09-30 10:00:00,614728.0
2018-09-30 11:00:00,644694.0
2018-09-30 12:00:00,629926.0
2018-09-30 13:00:00,580030.0
2018-09-30 14:00:00,486156.0
2018-09-30 15:00:00,358615.0
2018-09-30 16:00:00,193609.0
2018-09-30 17:00:00,42892.0
2018-09-30 18:00:00,60.0
2018-09-30 19:00:00,0.0
2018-09-30 20:00:00,0.0
2018-09-30 21:00:00,0.0
2018-09-30 22:00:00,0.0
2018-09-30 23:00:00,0.0
2018-10-01 00:00:00,0.0
2018-10-01 01:00:00,0.0
2018-10-01 02:00:00,0.0
2018-10-01 03:00:00,0.0
2018-10-01 04:00:00,0.0
2018-10-01 05:00:00,412.0
2018-10-01 06:00:00,53390.0
2018-10-01 07:00:00,214804.0
2018-10-01 08:00:00,385148.0
2018-10-01 09:00:00,508086.0
2018-10-01 10:00:00,543605.0
2018-10-01 11:00:00,590933.0
2018-10-01 12:00:00,605233.0
2018-10-01 13:00:00,560216.0
2018-10-01 14:00:00,469953.0
2018-10-01 15:00:00,344278.0
2018-10-01 16:00:00,184730.0
2018-10-01 17:00:00,42540.0
2018-10-01 18:00:00,90.0
2018-10-01 19:00:00,0.0
2018-10-01 20:00:00,0.0
2018-10-01 21:00:00,0.0
2018-10-01 22:00:00,0.0
2018-10-01 23:00:00,0.0
2018-10-02 00:00:00,0.0
2018-10-02 01:00:00,0.0
2018-10-02 02:00:00,0.0
2018-10-02 03:00:00,0.0
2018-10-02 04:00:00,0.0
2018-10-02 05:00:00,431.0
2018-10-02 06:00:00,53422.0
2018-10-02 07:00:00,218214.0
2018-10-02 08:00:00,384631.0
2018-10-02 09:00:00,462193.0
2018-10-02 10:00:00,0.0
2018-10-02 11:00:00,139617.0
2018-10-02 12:00:00,602551.0
2018-10-02 13:00:00,568318.0
2018-10-02 14:00:00,470706.0
2018-10-02 15:00:00,337180.0
2018-10-02 16:00:00,190941.0
2018-10-02 17:00:00,40277.0
2018-10-02 18:00:00,96.0
2018-10-02 19:00:00,0.0
2018-10-02 20:00:00,0.0
2018-10-02 21:00:00,0.0
2018-10-02 22:00:00,0.0
2018-10-02 23:00:00,0.0
2018-10-03 00:00:00,0.0
2018-10-03 01:00:00,0.0
2018-10-03 02:00:00,0.0
2018-10-03 03:00:00,0.0
2018-10-03 04:00:00,0.0
2018-10-03 05:00:00,585.0
2018-10-03 06:00:00,48834.0
2018-10-03 07:00:00,201112.0
2018-10-03 08:00:00,352264.0
2018-10-03 09:00:00,380939.0
2018-10-03 10:00:00,536535.0
2018-10-03 11:00:00,367731.0
2018-10-03 12:00:00,142754.0
2018-10-03 13:00:00,334966.0
2018-10-03 14:00:00,80933.0
2018-10-03 15:00:00,58873.0
2018-10-03 16:00:00,63038.0
2018-10-03 17:00:00,18700.0
2018-10-03 18:00:00,529.0
2018-10-03 19:00:00,0.0
2018-10-03 20:00:00,0.0
2018-10-03 21:00:00,0.0
2018-10-03 22:00:00,0.0
2018-10-03 23:00:00,0.0
2018-10-04 00:00:00,0.0
2018-10-04 01:00:00,0.0
2018-10-04 02:00:00,0.0
2018-10-04 03:00:00,0.0
2018-10-04 04:00:00,0.0
2018-10-04 05:00:00,784.0
2018-10-04 06:00:00,45274.0
2018-10-04 07:00:00,197558.0
2018-10-04 08:00:00,414205.0
2018-10-04 09:00:00,546108.0
2018-10-04 10:00:00,625725.0
2018-10-04 11:00:00,658085.0
2018-10-04 12:00:00,528914.0
2018-10-04 13:00:00,568696.0
2018-10-04 14:00:00,496941.0
2018-10-04 15:00:00,244749.0
2018-10-04 16:00:00,216755.0
2018-10-04 17:00:00,36863.0
2018-10-04 18:00:00,25.0
2018-10-04 19:00:00,0.0
2018-10-04 20:00:00,0.0
2018-10-04 21:00:00,0.0
2018-10-04 22:00:00,0.0
2018-10-04 23:00:00,0.0
2018-10-05 00:00:00,0.0
2018-10-05 01:00:00,0.0
2018-10-05 02:00:00,0.0
2018-10-05 03:00:00,0.0
2018-10-05 04:00:00,0.0
2018-10-05 05:00:00,1098.0
2018-10-05 06:00:00,62873.0
2018-10-05 07:00:00,228651.0
2018-10-05 08:00:00,396191.0
2018-10-05 09:00:00,524962.0
2018-10-05 10:00:00,598350.0
2018-10-05 11:00:00,521808.0
2018-10-05 12:00:00,463507.0
2018-10-05 13:00:00,422445.0
2018-10-05 14:00:00,352113.0
2018-10-05 15:00:00,302869.0
2018-10-05 16:00:00,173729.0
2018-10-05 17:00:00,37542.0
2018-10-05 18:00:00,53.0
2018-10-05 19:00:00,0.0
2018-10-05 20:00:00,0.0
2018-10-05 21:00:00,0.0
2018-10-05 22:00:00,0.0
2018-10-05 23:00:00,0.0
2018-10-06 00:00:00,0.0
2018-10-06 01:00:00,0.0
2018-10-06 02:00:00,0.0
2018-10-06 03:00:00,0.0
2018-10-06 04:00:00,0.0
2018-10-06 05:00:00,1225.0
2018-10-06 06:00:00,63223.0
2018-10-06 07:00:00,221961.0
2018-10-06 08:00:00,389954.0
2018-10-06 09:00:00,506857.0
2018-10-06 10:00:00,581418.0
2018-10-06 11:00:00,606756.0
2018-10-06 12:00:00,595238.0
2018-10-06 13:00:00,551851.0
2018-10-06 14:00:00,471617.0
2018-10-06 15:00:00,343025.0
2018-10-06 16:00:00,188415.0
2018-10-06 17:00:00,42481.0
2018-10-06 18:00:00,144.0
2018-10-06 19:00:00,0.0
2018-10-06 20:00:00,0.0
2018-10-06 21:00:00,0.0
2018-10-06 22:00:00,0.0
2018-10-06 23:00:00,0.0
2018-10-07 00:00:00,0.0
2018-10-07 01:00:00,0.0
2018-10-07 02:00:00,0.0
2018-10-07 03:00:00,0.0
2018-10-07 04:00:00,0.0
2018-10-07 05:00:00,1313.0
2018-10-07 06:00:00,61125.0
2018-10-07 07:00:00,219491.0
2018-10-07 08:00:00,386171.0
2018-10-07 09:00:00,507052.0
2018-10-07 10:00:00,577209.0
2018-10-07 11:00:00,597385.0
2018-10-07 12:00:00,590721.0
2018-10-07 13:00:00,540652.0
2018-10-07 14:00:00,453961.0
2018-10-07 15:00:00,331168.0
2018-10-07 16:00:00,171068.0
2018-10-07 17:00:00,28406.0
2018-10-07 18:00:00,13.0
2018-10-07 19:00:00,0.0
2018-10-07 20:00:00,0.0
2018-10-07 21:00:00,0.0
2018-10-07 22:00:00,0.0
2018-10-07 23:00:00,0.0
2018-10-08 00:00:00,0.0
2018-10-08 01:00:00,0.0
2018-10-08 02:00:00,0.0
2018-10-08 03:00:00,0.0
2018-10-08 04:00:00,0.0
2018-10-08 05:00:00,1599.0
2018-10-08 06:00:00,62676.0
2018-10-08 07:00:00,219070.0
2018-10-08 08:00:00,383573.0
2018-10-08 09:00:00,501461.0
2018-10-08 10:00:00,570079.0
2018-10-08 11:00:00,594703.0
2018-10-08 12:00:00,560758.0
2018-10-08 13:00:00,412340.0
2018-10-08 14:00:00,466217.0
2018-10-08 15:00:00,329872.0
2018-10-08 16:00:00,211690.0
2018-10-08 17:00:00,41551.0
2018-10-08 18:00:00,95.0
2018-10-08 19:00:00,0.0
2018-10-08 20:00:00,0.0
2018-10-08 21:00:00,0.0
2018-10-08 22:00:00,0.0
2018-10-08 23:00:00,0.0
2018-10-09 00:00:00,0.0
2018-10-09 01:00:00,0.0
2018-10-09 02:00:00,0.0
2018-10-09 03:00:00,0.0
2018-10-09 04:00:00,0.0
2018-10-09 05:00:00,1763.0
2018-10-09 06:00:00,63485.0
2018-10-09 07:00:00,218064.0
2018-10-09 08:00:00,379647.0
2018-10-09 09:00:00,502182.0
2018-10-09 10:00:00,572118.0
2018-10-09 11:00:00,590868.0
2018-10-09 12:00:00,550742.0
2018-10-09 13:00:00,314812.0
2018-10-09 14:00:00,43281.0
2018-10-09 15:00:00,84626.0
2018-10-09 16:00:00,13867.0
2018-10-09 17:00:00,10692.0
2018-10-09 18:00:00,0.0
2018-10-09 19:00:00,0.0
2018-10-09 20:00:00,0.0
2018-10-09 21:00:00,0.0
2018-10-09 22:00:00,0.0
2018-10-09 23:00:00,0.0
2018-10-10 00:00:00,0.0
2018-10-10 01:00:00,0.0
2018-10-10 02:00:00,0.0
2018-10-10 03:00:00,0.0
2018-10-10 04:00:00,0.0
2018-10-10 05:00:00,1917.0
2018-10-10 06:00:00,59713.0
2018-10-10 07:00:00,199245.0
2018-10-10 08:00:00,353565.0
2018-10-10 09:00:00,464230.0
2018-10-10 10:00:00,488128.0
2018-10-10 11:00:00,319607.0
2018-10-10 12:00:00,229608.0
2018-10-10 13:00:00,138449.0
2018-10-10 14:00:00,221685.0
2018-10-10 15:00:00,153040.0
2018-10-10 16:00:00,21350.0
2018-10-10 17:00:00,19243.0
2018-10-10 18:00:00,0.0
2018-10-10 19:00:00,0.0
2018-10-10 20:00:00,0.0
2018-10-10 21:00:00,0.0
2018-10-10 22:00:00,0.0
2018-10-10 23:00:00,0.0
2018-10-11 00:00:00,0.0
2018-10-11 01:00:00,0.0
2018-10-11 02:00:00,0.0
2018-10-11 03:00:00,0.0
2018-10-11 04:00:00,0.0
2018-10-11 05:00:00,1425.0
2018-10-11 06:00:00,43430.0
2018-10-11 07:00:00,149537.0
2018-10-11 08:00:00,266911.0
2018-10-11 09:00:00,357235.0
2018-10-11 10:00:00,422397.0
2018-10-11 11:00:00,554521.0
2018-10-11 12:00:00,410860.0
2018-10-11 13:00:00,402900.0
2018-10-11 14:00:00,229380.0
2018-10-11 15:00:00,173065.0
2018-10-11 16:00:00,79541.0
2018-10-11 17:00:00,33920.0
2018-10-11 18:00:00,80.0
2018-10-11 19:00:00,0.0
2018-10-11 20:00:00,0.0
2018-10-11 21:00:00,0.0
2018-10-11 22:00:00,0.0
2018-10-11 23:00:00,0.0
2018-10-12 00:00:00,0.0
2018-10-12 01:00:00,0.0
2018-10-12 02:00:00,0.0
2018-10-12 03:00:00,0.0
2018-10-12 04:00:00,0.0
2018-10-12 05:00:00,2177.0
2018-10-12 06:00:00,38401.0
2018-10-12 07:00:00,97939.0
2018-10-12 08:00:00,188863.0
2018-10-12 09:00:00,384049.0
2018-10-12 10:00:00,482712.0
2018-10-12 11:00:00,399334.0
2018-10-12 12:00:00,527232.0
2018-10-12 13:00:00,531329.0
2018-10-12 14:00:00,347278.0
2018-10-12 15:00:00,194593.0
2018-10-12 16:00:00,40596.0
2018-10-12 17:00:00,13035.0
2018-10-12 18:00:00,0.0
2018-10-12 19:00:00,0.0
2018-10-12 20:00:00,0.0
2018-10-12 21:00:00,0.0
2018-10-12 22:00:00,0.0
2018-10-12 23:00:00,0.0
2018-10-13 00:00:00,0.0
2018-10-13 01:00:00,0.0
2018-10-13 02:00:00,0.0
2018-10-13 03:00:00,0.0
2018-10-13 04:00:00,0.0
2018-10-13 05:00:00,530.0
2018-10-13 06:00:00,44031.0
2018-10-13 07:00:00,153527.0
2018-10-13 08:00:00,170132.0
2018-10-13 09:00:00,219174.0
2018-10-13 10:00:00,139972.0
2018-10-13 11:00:00,201775.0
2018-10-13 12:00:00,150195.0
2018-10-13 13:00:00,120969.0
2018-10-13 14:00:00,17291.0
2018-10-13 15:00:00,7258.0
2018-10-13 16:00:00,13502.0
2018-10-13 17:00:00,923.0
2018-10-13 18:00:00,0.0
2018-10-13 19:00:00,0.0
2018-10-13 20:00:00,0.0
2018-10-13 21:00:00,0.0
2018-10-13 22:00:00,0.0
2018-10-13 23:00:00,0.0
2018-10-14 00:00:00,0.0
2018-10-14 01:00:00,0.0
2018-10-14 02:00:00,0.0
2018-10-14 03:00:00,0.0
2018-10-14 04:00:00,0.0
2018-10-14 05:00:00,0.0
2018-10-14 06:00:00,94.0
2018-10-14 07:00:00,13608.0
2018-10-14 08:00:00,47162.0
2018-10-14 09:00:00,24092.0
2018-10-14 10:00:00,42986.0
2018-10-14 11:00:00,40067.0
2018-10-14 12:00:00,35542.0
2018-10-14 13:00:00,73825.0
2018-10-14 14:00:00,20476.0
2018-10-14 15:00:00,36924.0
2018-10-14 16:00:00,24146.0
2018-10-14 17:00:00,11197.0
2018-10-14 18:00:00,60.0
2018-10-14 19:00:00,0.0
2018-10-14 20:00:00,0.0
2018-10-14 21:00:00,0.0
2018-10-14 22:00:00,0.0
2018-10-14 23:00:00,0.0
2018-10-15 00:00:00,0.0
2018-10-15 01:00:00,0.0
2018-10-15 02:00:00,0.0
2018-10-15 03:00:00,0.0
2018-10-15 04:00:00,0.0
2018-10-15 05:00:00,3446.0
2018-10-15 06:00:00,78224.0
2018-10-15 07:00:00,244928.0
2018-10-15 08:00:00,364604.0
2018-10-15 09:00:00,478675.0
2018-10-15 10:00:00,583402.0
2018-10-15 11:00:00,634124.0
2018-10-15 12:00:00,620303.0
2018-10-15 13:00:00,579665.0
2018-10-15 14:00:00,502510.0
2018-10-15 15:00:00,377120.0
2018-10-15 16:00:00,211233.0
2018-10-15 17:00:00,56095.0
2018-10-15 18:00:00,425.0
2018-10-15 19:00:00,0.0
2018-10-15 20:00:00,0.0
2018-10-15 21:00:00,0.0
2018-10-15 22:00:00,0.0
2018-10-15 23:00:00,0.0
2018-10-16 00:00:00,0.0
2018-10-16 01:00:00,0.0
2018-10-16 02:00:00,0.0
2018-10-16 03:00:00,0.0
2018-10-16 04:00:00,0.0
2018-10-16 05:00:00,3531.0
2018-10-16 06:00:00,83269.0
2018-10-16 07:00:00,250133.0
2018-10-16 08:00:00,402627.0
2018-10-16 09:00:00,438660.0
2018-10-16 10:00:00,462007.0
2018-10-16 11:00:00,492587.0
2018-10-16 12:00:00,602315.0
2018-10-16 13:00:00,518110.0
2018-10-16 14:00:00,472652.0
2018-10-16 15:00:00,360713.0
2018-10-16 16:00:00,202351.0
2018-10-16 17:00:00,45027.0
2018-10-16 18:00:00,206.0
2018-10-16 19:00:00,0.0
2018-10-16 20:00:00,0.0
2018-10-16 21:00:00,0.0
2018-10-16 22:00:00,0.0
2018-10-16 23:00:00,0.0
2018-10-17 00:00:00,0.0
2018-10-17 01:00:00,0.0
2018-10-17 02:00:00,0.0
2018-10-17 03:00:00,0.0
2018-10-17 04:00:00,0.0
2018-10-17 05:00:00,4219.0
2018-10-17 06:00:00,80715.0
2018-10-17 07:00:00,243037.0
2018-10-17 08:00:00,381649.0
2018-10-17 09:00:00,437479.0
2018-10-17 10:00:00,490548.0
2018-10-17 11:00:00,573224.0
2018-10-17 12:00:00,542617.0
2018-10-17 13:00:00,458960.0
2018-10-17 14:00:00,445657.0
2018-10-17 15:00:00,255008.0
2018-10-17 16:00:00,84899.0
2018-10-17 17:00:00,27575.0
2018-10-17 18:00:00,1215.0
2018-10-17 19:00:00,0.0
2018-10-17 20:00:00,0.0
2018-10-17 21:00:00,0.0
2018-10-17 22:00:00,0.0
2018-10-17 23:00:00,0.0
2018-10-18 00:00:00,0.0
2018-10-18 01:00:00,0.0
2018-10-18 02:00:00,0.0
2018-10-18 03:00:00,0.0
2018-10-18 04:00:00,0.0
2018-10-18 05:00:00,6956.0
2018-10-18 06:00:00,94854.0
2018-10-18 07:00:00,240535.0
2018-10-18 08:00:00,404611.0
2018-10-18 09:00:00,506889.0
2018-10-18 10:00:00,575667.0
2018-10-18 11:00:00,602831.0
2018-10-18 12:00:00,590583.0
2018-10-18 13:00:00,521905.0
2018-10-18 14:00:00,418225.0
2018-10-18 15:00:00,198176.0
2018-10-18 16:00:00,202320.0
2018-10-18 17:00:00,42448.0
2018-10-18 18:00:00,479.0
2018-10-18 19:00:00,0.0
2018-10-18 20:00:00,0.0
2018-10-18 21:00:00,0.0
2018-10-18 22:00:00,0.0
2018-10-18 23:00:00,0.0
2018-10-19 00:00:00,0.0
2018-10-19 01:00:00,0.0
2018-10-19 02:00:00,0.0
2018-10-19 03:00:00,0.0
2018-10-19 04:00:00,0.0
2018-10-19 05:00:00,7584.0
2018-10-19 06:00:00,80012.0
2018-10-19 07:00:00,229074.0
2018-10-19 08:00:00,409537.0
2018-10-19 09:00:00,517479.0
2018-10-19 10:00:00,572040.0
2018-10-19 11:00:00,594022.0
2018-10-19 12:00:00,579216.0
2018-10-19 13:00:00,538602.0
2018-10-19 14:00:00,460841.0
2018-10-19 15:00:00,338099.0
2018-10-19 16:00:00,194182.0
2018-10-19 17:00:00,48497.0
2018-10-19 18:00:00,523.0
2018-10-19 19:00:00,0.0
2018-10-19 20:00:00,0.0
2018-10-19 21:00:00,0.0
2018-10-19 22:00:00,0.0
2018-10-19 23:00:00,0.0
2018-10-20 00:00:00,0.0
2018-10-20 01:00:00,0.0
2018-10-20 02:00:00,0.0
2018-10-20 03:00:00,0.0
2018-10-20 04:00:00,0.0
2018-10-20 05:00:00,2860.0
2018-10-20 06:00:00,82125.0
2018-10-20 07:00:00,242645.0
2018-10-20 08:00:00,392165.0
2018-10-20 09:00:00,518824.0
2018-10-20 10:00:00,482760.0
2018-10-20 11:00:00,188786.0
2018-10-20 12:00:00,117581.0
2018-10-20 13:00:00,322905.0
2018-10-20 14:00:00,277015.0
2018-10-20 15:00:00,297609.0
2018-10-20 16:00:00,196203.0
2018-10-20 17:00:00,42487.0
2018-10-20 18:00:00,0.0
2018-10-20 19:00:00,0.0
2018-10-20 20:00:00,0.0
2018-10-20 21:00:00,0.0
2018-10-20 22:00:00,0.0
2018-10-20 23:00:00,0.0
2018-10-21 00:00:00,0.0
2018-10-21 01:00:00,0.0
2018-10-21 02:00:00,0.0
2018-10-21 03:00:00,0.0
2018-10-21 04:00:00,0.0
2018-10-21 05:00:00,8778.0
2018-10-21 06:00:00,57302.0
2018-10-21 07:00:00,207843.0
2018-10-21 08:00:00,408598.0
2018-10-21 09:00:00,521784.0
2018-10-21 10:00:00,622146.0
2018-10-21 11:00:00,638954.0
2018-10-21 12:00:00,626725.0
2018-10-21 13:00:00,589873.0
2018-10-21 14:00:00,506273.0
2018-10-21 15:00:00,384404.0
2018-10-21 16:00:00,213469.0
2018-10-21 17:00:00,58756.0
2018-10-21 18:00:00,1036.0
2018-10-21 19:00:00,0.0
2018-10-21 20:00:00,0.0
2018-10-21 21:00:00,0.0
2018-10-21 22:00:00,0.0
2018-10-21 23:00:00,0.0
2018-10-22 00:00:00,0.0
2018-10-22 01:00:00,0.0
2018-10-22 02:00:00,0.0
2018-10-22 03:00:00,0.0
2018-10-22 04:00:00,0.0
2018-10-22 05:00:00,5915.0
2018-10-22 06:00:00,97230.0
2018-10-22 07:00:00,271969.0
2018-10-22 08:00:00,433442.0
2018-10-22 09:00:00,552573.0
2018-10-22 10:00:00,614973.0
2018-10-22 11:00:00,620116.0
2018-10-22 12:00:00,576001.0
2018-10-22 13:00:00,461651.0
2018-10-22 14:00:00,324884.0
2018-10-22 15:00:00,313592.0
2018-10-22 16:00:00,163832.0
2018-10-22 17:00:00,47814.0
2018-10-22 18:00:00,886.0
2018-10-22 19:00:00,0.0
2018-10-22 20:00:00,0.0
2018-10-22 21:00:00,0.0
2018-10-22 22:00:00,0.0
2018-10-22 23:00:00,0.0
2018-10-23 00:00:00,0.0
2018-10-23 01:00:00,0.0
2018-10-23 02:00:00,0.0
2018-10-23 03:00:00,0.0
2018-10-23 04:00:00,0.0
2018-10-23 05:00:00,7910.0
2018-10-23 06:00:00,74485.0
2018-10-23 07:00:00,226614.0
2018-10-23 08:00:00,434208.0
2018-10-23 09:00:00,525354.0
2018-10-23 10:00:00,574159.0
2018-10-23 11:00:00,601877.0
2018-10-23 12:00:00,612316.0
2018-10-23 13:00:00,556507.0
2018-10-23 14:00:00,343380.0
2018-10-23 15:00:00,330416.0
2018-10-23 16:00:00,145348.0
2018-10-23 17:00:00,58296.0
2018-10-23 18:00:00,2517.0
2018-10-23 19:00:00,0.0
2018-10-23 20:00:00,0.0
2018-10-23 21:00:00,0.0
2018-10-23 22:00:00,0.0
2018-10-23 23:00:00,0.0
2018-10-24 00:00:00,0.0
2018-10-24 01:00:00,0.0
2018-10-24 02:00:00,0.0
2018-10-24 03:00:00,0.0
2018-10-24 04:00:00,0.0
2018-10-24 05:00:00,6507.0
2018-10-24 06:00:00,92608.0
2018-10-24 07:00:00,256891.0
2018-10-24 08:00:00,411564.0
2018-10-24 09:00:00,517252.0
2018-10-24 10:00:00,580059.0
2018-10-24 11:00:00,607498.0
2018-10-24 12:00:00,601229.0
2018-10-24 13:00:00,550398.0
2018-10-24 14:00:00,464852.0
2018-10-24 15:00:00,349689.0
2018-10-24 16:00:00,192673.0
2018-10-24 17:00:00,52553.0
2018-10-24 18:00:00,1079.0
2018-10-24 19:00:00,0.0
2018-10-24 20:00:00,0.0
2018-10-24 21:00:00,0.0
2018-10-24 22:00:00,0.0
2018-10-24 23:00:00,0.0
2018-10-25 00:00:00,0.0
2018-10-25 01:00:00,0.0
2018-10-25 02:00:00,0.0
2018-10-25 03:00:00,0.0
2018-10-25 04:00:00,0.0
2018-10-25 05:00:00,6506.0
2018-10-25 06:00:00,91658.0
2018-10-25 07:00:00,254167.0
2018-10-25 08:00:00,417697.0
2018-10-25 09:00:00,526374.0
2018-10-25 10:00:00,596233.0
2018-10-25 11:00:00,625596.0
2018-10-25 12:00:00,614434.0
2018-10-25 13:00:00,567485.0
2018-10-25 14:00:00,474445.0
2018-10-25 15:00:00,350205.0
2018-10-25 16:00:00,167464.0
2018-10-25 17:00:00,56197.0
2018-10-25 18:00:00,2041.0
2018-10-25 19:00:00,0.0
2018-10-25 20:00:00,0.0
2018-10-25 21:00:00,0.0
2018-10-25 22:00:00,0.0
2018-10-25 23:00:00,0.0
2018-10-26 00:00:00,0.0
2018-10-26 01:00:00,0.0
2018-10-26 02:00:00,0.0
2018-10-26 03:00:00,0.0
2018-10-26 04:00:00,0.0
2018-10-26 05:00:00,7324.0
2018-10-26 06:00:00,97838.0
2018-10-26 07:00:00,261820.0
2018-10-26 08:00:00,419309.0
2018-10-26 09:00:00,526181.0
2018-10-26 10:00:00,593758.0
2018-10-26 11:00:00,622328.0
2018-10-26 12:00:00,608404.0
2018-10-26 13:00:00,563920.0
2018-10-26 14:00:00,482753.0
2018-10-26 15:00:00,364162.0
2018-10-26 16:00:00,198438.0
2018-10-26 17:00:00,64917.0
2018-10-26 18:00:00,1794.0
2018-10-26 19:00:00,0.0
2018-10-26 20:00:00,0.0
2018-10-26 21:00:00,0.0
2018-10-26 22:00:00,0.0
2018-10-26 23:00:00,0.0
2018-10-27 00:00:00,0.0
2018-10-27 01:00:00,0.0
2018-10-27 02:00:00,0.0
2018-10-27 03:00:00,0.0
2018-10-27 04:00:00,0.0
2018-10-27 05:00:00,7881.0
2018-10-27 06:00:00,98371.0
2018-10-27 07:00:00,266558.0
2018-10-27 08:00:00,426522.0
2018-10-27 09:00:00,546981.0
2018-10-27 10:00:00,616160.0
2018-10-27 11:00:00,626870.0
2018-10-27 12:00:00,605325.0
2018-10-27 13:00:00,562115.0
2018-10-27 14:00:00,471311.0
2018-10-27 15:00:00,349186.0
2018-10-27 16:00:00,206691.0
2018-10-27 17:00:00,60957.0
2018-10-27 18:00:00,2021.0
2018-10-27 19:00:00,0.0
2018-10-27 20:00:00,0.0
2018-10-27 21:00:00,0.0
2018-10-27 22:00:00,0.0
2018-10-27 23:00:00,0.0
2018-10-28 00:00:00,0.0
2018-10-28 01:00:00,0.0
2018-10-28 02:00:00,0.0
2018-10-28 03:00:00,0.0
2018-10-28 04:00:00,0.0
2018-10-28 05:00:00,7894.0
2018-10-28 06:00:00,101183.0
2018-10-28 07:00:00,273150.0
2018-10-28 08:00:00,433027.0
2018-10-28 09:00:00,536317.0
2018-10-28 10:00:00,589735.0
2018-10-28 11:00:00,603291.0
2018-10-28 12:00:00,586504.0
2018-10-28 13:00:00,551240.0
2018-10-28 14:00:00,439600.0
2018-10-28 15:00:00,259778.0
2018-10-28 16:00:00,222248.0
2018-10-28 17:00:00,74208.0
2018-10-28 18:00:00,1912.0
2018-10-28 19:00:00,0.0
2018-10-28 20:00:00,0.0
2018-10-28 21:00:00,0.0
2018-10-28 22:00:00,0.0
2018-10-28 23:00:00,0.0
2018-10-29 00:00:00,0.0
2018-10-29 01:00:00,0.0
2018-10-29 02:00:00,0.0
2018-10-29 03:00:00,0.0
2018-10-29 04:00:00,0.0
2018-10-29 05:00:00,7860.0
2018-10-29 06:00:00,101593.0
2018-10-29 07:00:00,271840.0
2018-10-29 08:00:00,430459.0
2018-10-29 09:00:00,539079.0
2018-10-29 10:00:00,602785.0
2018-10-29 11:00:00,621348.0
2018-10-29 12:00:00,597949.0
2018-10-29 13:00:00,541288.0
2018-10-29 14:00:00,441112.0
2018-10-29 15:00:00,342080.0
2018-10-29 16:00:00,131954.0
2018-10-29 17:00:00,61174.0
2018-10-29 18:00:00,1660.0
2018-10-29 19:00:00,0.0
2018-10-29 20:00:00,0.0
2018-10-29 21:00:00,0.0
2018-10-29 22:00:00,0.0
2018-10-29 23:00:00,0.0
2018-10-30 00:00:00,0.0
2018-10-30 01:00:00,0.0
2018-10-30 02:00:00,0.0
2018-10-30 03:00:00,0.0
2018-10-30 04:00:00,0.0
2018-10-30 05:00:00,8712.0
2018-10-30 06:00:00,102823.0
2018-10-30 07:00:00,272384.0
2018-10-30 08:00:00,440775.0
2018-10-30 09:00:00,554568.0
2018-10-30 10:00:00,619997.0
2018-10-30 11:00:00,635582.0
2018-10-30 12:00:00,616158.0
2018-10-30 13:00:00,563992.0
2018-10-30 14:00:00,491593.0
2018-10-30 15:00:00,326932.0
2018-10-30 16:00:00,207335.0
2018-10-30 17:00:00,46805.0
2018-10-30 18:00:00,676.0
2018-10-30 19:00:00,0.0
2018-10-30 20:00:00,0.0
2018-10-30 21:00:00,0.0
2018-10-30 22:00:00,0.0
2018-10-30 23:00:00,0.0
2018-10-31 00:00:00,0.0
2018-10-31 01:00:00,0.0
2018-10-31 02:00:00,0.0
2018-10-31 03:00:00,0.0
2018-10-31 04:00:00,0.0
2018-10-31 05:00:00,4944.0
2018-10-31 06:00:00,26257.0
2018-10-31 07:00:00,159018.0
2018-10-31 08:00:00,353530.0
2018-10-31 09:00:00,235434.0
2018-10-31 10:00:00,277592.0
2018-10-31 11:00:00,0.0
2018-10-31 12:00:00,0.0
2018-10-31 13:00:00,0.0
2018-10-31 14:00:00,0.0
2018-10-31 15:00:00,0.0
2018-10-31 16:00:00,0.0
2018-10-31 17:00:00,0.0
2018-10-31 18:00:00,0.0
2018-10-31 19:00:00,0.0
2018-10-31 20:00:00,0.0
2018-10-31 21:00:00,0.0
2018-10-31 22:00:00,0.0
2018-10-31 23:00:00,0.0
